{"branch_id":"67cec8d9-02cc-47d2-adc6-3ebd8e0b2a33","name":"Main Menu","settings":{"physics":{"gravity":[0,-9.8,0]},"render":{"fog_end":1000,"fog_start":1,"global_ambient":[0.2,0.2,0.2],"fog_color":[0,0,0],"fog":"none","fog_density":0.01,"gamma_correction":1,"tonemapping":0,"exposure":1,"skybox":null,"skyboxIntensity":1,"skyboxRotation":[0,0,0],"skyboxMip":0,"lightmapSizeMultiplier":16,"lightmapMaxResolution":2048,"lightmapMode":1,"lightmapFilterEnabled":false,"lightmapFilterRange":10,"lightmapFilterSmoothness":0.2,"ambientBake":false,"ambientBakeNumSamples":1,"ambientBakeSpherePart":0.4,"ambientBakeOcclusionBrightness":0,"ambientBakeOcclusionContrast":0,"clusteredLightingEnabled":true,"lightingCells":[10,3,10],"lightingMaxLightsPerCell":255,"lightingCookieAtlasResolution":2048,"lightingShadowAtlasResolution":2048,"lightingShadowType":0,"lightingCookiesEnabled":false,"lightingAreaLightsEnabled":false,"lightingShadowsEnabled":true,"skyType":"infinite","skyMeshPosition":[0,0,0],"skyMeshRotation":[0,0,0],"skyMeshScale":[1,1,1],"skyCenter":[0,1,0]}},"entities":{"74062f5e-ad92-4bbb-bc7b-1b257cdf6657":{"name":"Root","parent":null,"resource_id":"74062f5e-ad92-4bbb-bc7b-1b257cdf6657","tags":[],"enabled":true,"components":{},"scale":[1,1,1],"position":[0,0,0],"rotation":[0,0,0],"children":["7445b7f6-c9fd-4e46-a416-387522198765","273a6093-0a98-4dd7-81db-1d13b0ec0e78","e04d4467-93f1-4ffb-8975-a8f4ec746807","33bee707-4a0c-459f-85ea-18bbbf2e3a76","10f171a3-ae3c-4f7f-ba8d-a8b7ca46600d","c16d2de6-43a2-463b-9432-349b66994ef0","18807325-8069-449a-ab94-bdea22be5a48","9d57617f-d8b8-4a57-abcb-b5469dad12ff","e2278ed9-407a-4361-96bc-baa71b82e276","895fd58c-5316-4ebc-9444-23c5bb4d92dc","2254f28e-c53a-4c3a-9a4d-3ebfebe63d6c","6f1c169a-ec7a-4165-ab16-5247a2c23b93","27804f7e-8643-4332-af89-29f31fd442a2","840ae64c-7103-41b0-8773-e95e251be164","7954afe4-8c49-4c51-b64d-705e776ad371","a2d236ce-a41b-4fa7-a714-1254a3c72cc6","9d9cb3d4-b832-4b65-8c1e-16bf8e3c001e"]},"7445b7f6-c9fd-4e46-a416-387522198765":{"name":"Camera","parent":"74062f5e-ad92-4bbb-bc7b-1b257cdf6657","resource_id":"7445b7f6-c9fd-4e46-a416-387522198765","tags":[],"enabled":true,"components":{"camera":{"fov":45,"projection":0,"clearColor":[0.118,0.118,0.118,1],"clearColorBuffer":true,"clearDepthBuffer":true,"frustumCulling":true,"enabled":true,"orthoHeight":4,"farClip":1000,"nearClip":0.1,"priority":0,"rect":[0,0,1,1],"layers":[0,1,2,3,4]},"script":{"enabled":true,"order":["ssao"],"scripts":{"ssao":{"enabled":true,"attributes":{"radius":4,"brightness":0,"samples":16,"downscale":1}}}}},"scale":[1,1,1],"position":[-3.4279209430514275,1.9563092392836934,5.765805181510045],"rotation":[-20.800000929346833,20.599997058474248,-1.369850486682107e-7],"children":["1d81db4d-d0f1-4310-9053-837ebfe21401"]},"273a6093-0a98-4dd7-81db-1d13b0ec0e78":{"name":"Light","parent":"74062f5e-ad92-4bbb-bc7b-1b257cdf6657","resource_id":"273a6093-0a98-4dd7-81db-1d13b0ec0e78","tags":[],"enabled":true,"components":{"light":{"enabled":true,"bake":false,"bakeNumSamples":1,"bakeArea":0,"bakeDir":true,"affectDynamic":true,"affectLightmapped":false,"isStatic":false,"color":[1,1,1],"intensity":1,"type":"directional","shadowDistance":16,"range":8,"innerConeAngle":40,"outerConeAngle":45,"shape":0,"falloffMode":0,"castShadows":true,"shadowUpdateMode":2,"shadowType":0,"shadowResolution":1024,"shadowBias":0.4,"normalOffsetBias":0.05,"vsmBlurMode":1,"vsmBlurSize":11,"vsmBias":0.01,"cookieAsset":null,"cookieIntensity":1,"cookieFalloff":true,"cookieChannel":"rgb","cookieAngle":0,"cookieScale":[1,1],"cookieOffset":[0,0],"layers":[0]}},"scale":[1,1,1],"position":[2,2,-2],"rotation":[45,135,0],"children":[]},"e04d4467-93f1-4ffb-8975-a8f4ec746807":{"name":"Plane","parent":"74062f5e-ad92-4bbb-bc7b-1b257cdf6657","resource_id":"e04d4467-93f1-4ffb-8975-a8f4ec746807","tags":[],"enabled":true,"components":{"render":{"enabled":true,"type":"plane","asset":null,"materialAssets":[161716645],"castShadows":true,"receiveShadows":true,"lightmapped":false,"lightmapSizeMultiplier":1,"castShadowsLightmap":true,"rootBone":null,"isStatic":false,"layers":[0],"batchGroupId":null}},"scale":[100,1,100],"position":[0,0,0],"rotation":[0,0,0],"children":[]},"33bee707-4a0c-459f-85ea-18bbbf2e3a76":{"name":"HeroShip","tags":[],"enabled":true,"resource_id":"33bee707-4a0c-459f-85ea-18bbbf2e3a76","parent":"74062f5e-ad92-4bbb-bc7b-1b257cdf6657","children":["8a346274-7b39-4b62-954e-515ef2b6f10d"],"position":[-2.4576992988586426,0,2.56701380634545],"rotation":[0,17.68695774391781,0],"scale":[1,1,1],"components":{"model":{"enabled":true,"type":"asset","asset":159890496,"materialAsset":null,"castShadows":true,"castShadowsLightmap":true,"receiveShadows":true,"lightmapped":false,"lightmapSizeMultiplier":1,"castShadowsLightMap":true,"lightMapped":false,"lightMapSizeMultiplier":1,"isStatic":false,"layers":[0],"batchGroupId":null,"mapping":{}},"collision":{"enabled":true,"type":"mesh","halfExtents":[0.5,0.5,0.5],"radius":0.5,"axis":1,"height":2,"asset":159890496,"renderAsset":null,"linearOffset":[0,0,0],"angularOffset":[0,0,0]},"script":{"enabled":true,"order":["inputControl"],"scripts":{"inputControl":{"enabled":false,"attributes":{}}}}},"template_ent_ids":{"33bee707-4a0c-459f-85ea-18bbbf2e3a76":"63e06bd8-3334-4ccd-885b-dfe0b46b1ad2","de57ba7c-7205-4927-8b6b-27d40571cc22":"00eefbde-12a1-4b78-9948-e9bfd2cfea1b","fdf0c4ff-4a79-4917-bfca-8cf7ada3d7ca":"948e514b-a7c5-4e4b-9466-d4a44a30000b","a39b4968-a271-42e5-9031-8b6b20013099":"849aff78-391e-4016-8c41-6b046e377565"},"template_id":159890597},"8a346274-7b39-4b62-954e-515ef2b6f10d":{"name":"Hero","tags":[],"enabled":true,"resource_id":"8a346274-7b39-4b62-954e-515ef2b6f10d","parent":"33bee707-4a0c-459f-85ea-18bbbf2e3a76","children":[],"position":[-1.4273496866226196,0,-0.7905847050263313],"rotation":[0,0,0],"scale":[0.2,0.2,0.2],"components":{"model":{"enabled":true,"type":"asset","asset":159888477,"materialAsset":null,"castShadows":true,"castShadowsLightmap":true,"receiveShadows":true,"lightmapped":false,"lightmapSizeMultiplier":1,"castShadowsLightMap":true,"lightMapped":false,"lightMapSizeMultiplier":1,"isStatic":false,"layers":[0],"batchGroupId":null},"anim":{"stateGraphAsset":167194814,"animationAssets":{"Base:Idle":{"asset":159888493},"Base:Jump":{"asset":159888487},"Base:Run":{"asset":159888489}},"enabled":true,"speed":1,"activate":true,"playing":false,"rootBone":null,"masks":{},"normalizeWeights":false},"script":{"enabled":true,"order":["jumpInput"],"scripts":{"jumpInput":{"enabled":true,"attributes":{}}}}},"template_ent_ids":{"8a346274-7b39-4b62-954e-515ef2b6f10d":"b1f1a656-755b-4fae-bc18-4a87ae782f37"},"template_id":159888864},"10f171a3-ae3c-4f7f-ba8d-a8b7ca46600d":{"name":"hangar_largeA","tags":[],"enabled":true,"resource_id":"10f171a3-ae3c-4f7f-ba8d-a8b7ca46600d","parent":"74062f5e-ad92-4bbb-bc7b-1b257cdf6657","children":["c627971a-f7d3-4e50-849c-8f6842b112ff"],"position":[-4.670231353863414,0,0],"rotation":[0,0,0],"scale":[1,1,1],"components":{"model":{"enabled":true,"type":"asset","asset":161716710,"materialAsset":null,"castShadows":true,"castShadowsLightmap":true,"receiveShadows":true,"lightmapped":false,"lightmapSizeMultiplier":1,"castShadowsLightMap":true,"lightMapped":false,"lightMapSizeMultiplier":1,"isStatic":false,"layers":[0],"batchGroupId":null}}},"c16d2de6-43a2-463b-9432-349b66994ef0":{"name":"rock_largeA","tags":[],"enabled":true,"resource_id":"c16d2de6-43a2-463b-9432-349b66994ef0","parent":"74062f5e-ad92-4bbb-bc7b-1b257cdf6657","children":[],"position":[2.978525484853658,0,0],"rotation":[0,0,0],"scale":[1,1,1],"components":{"model":{"enabled":true,"type":"asset","asset":161717168,"materialAsset":null,"castShadows":true,"castShadowsLightmap":true,"receiveShadows":true,"lightmapped":false,"lightmapSizeMultiplier":1,"castShadowsLightMap":true,"lightMapped":false,"lightMapSizeMultiplier":1,"isStatic":false,"layers":[0],"batchGroupId":null}}},"18807325-8069-449a-ab94-bdea22be5a48":{"name":"corridor","tags":[],"enabled":true,"resource_id":"18807325-8069-449a-ab94-bdea22be5a48","parent":"74062f5e-ad92-4bbb-bc7b-1b257cdf6657","children":[],"position":[-0.5579822063446045,0,2.212640890286039],"rotation":[0,0,0],"scale":[2.001175559638396,1,2.4147363927845014],"components":{"model":{"enabled":true,"type":"asset","asset":159890343,"materialAsset":null,"castShadows":true,"castShadowsLightmap":true,"receiveShadows":true,"lightmapped":false,"lightmapSizeMultiplier":1,"castShadowsLightMap":true,"lightMapped":false,"lightMapSizeMultiplier":1,"isStatic":false,"layers":[0],"batchGroupId":null}}},"a2d236ce-a41b-4fa7-a714-1254a3c72cc6":{"name":"barrels","tags":[],"enabled":true,"resource_id":"a2d236ce-a41b-4fa7-a714-1254a3c72cc6","parent":"74062f5e-ad92-4bbb-bc7b-1b257cdf6657","children":[],"position":[-2.9165992736816406,0,-0.4329846203327179],"rotation":[0,0,0],"scale":[1,1,1],"components":{"model":{"enabled":true,"type":"asset","asset":159890378,"materialAsset":null,"castShadows":true,"castShadowsLightmap":true,"receiveShadows":true,"lightmapped":false,"lightmapSizeMultiplier":1,"castShadowsLightMap":true,"lightMapped":false,"lightMapSizeMultiplier":1,"isStatic":false,"layers":[0],"batchGroupId":null}}},"9d57617f-d8b8-4a57-abcb-b5469dad12ff":{"name":"crater","tags":[],"enabled":true,"resource_id":"9d57617f-d8b8-4a57-abcb-b5469dad12ff","parent":"74062f5e-ad92-4bbb-bc7b-1b257cdf6657","children":[],"position":[-4.333411693572998,0,-8.136048316955566],"rotation":[0,0,0],"scale":[1,1,1],"components":{"model":{"enabled":true,"type":"asset","asset":159890493,"materialAsset":null,"castShadows":true,"castShadowsLightmap":true,"receiveShadows":true,"lightmapped":false,"lightmapSizeMultiplier":1,"castShadowsLightMap":true,"lightMapped":false,"lightMapSizeMultiplier":1,"isStatic":false,"layers":[0],"batchGroupId":null}}},"27804f7e-8643-4332-af89-29f31fd442a2":{"name":"structure_closed","tags":[],"enabled":true,"resource_id":"27804f7e-8643-4332-af89-29f31fd442a2","parent":"74062f5e-ad92-4bbb-bc7b-1b257cdf6657","children":[],"position":[-6.21858549118042,0,1.034529846404375],"rotation":[0,0,0],"scale":[1,1,1],"components":{"model":{"enabled":true,"type":"asset","asset":161717357,"materialAsset":null,"castShadows":true,"castShadowsLightmap":true,"receiveShadows":true,"lightmapped":false,"lightmapSizeMultiplier":1,"castShadowsLightMap":true,"lightMapped":false,"lightMapSizeMultiplier":1,"isStatic":false,"layers":[0],"batchGroupId":null}}},"6f1c169a-ec7a-4165-ab16-5247a2c23b93":{"name":"satelliteDish_detailed","tags":[],"enabled":true,"resource_id":"6f1c169a-ec7a-4165-ab16-5247a2c23b93","parent":"74062f5e-ad92-4bbb-bc7b-1b257cdf6657","children":[],"position":[-4.7283735275268555,1,1.0345298051834106],"rotation":[0,0,0],"scale":[1,1,1],"components":{"model":{"enabled":true,"type":"asset","asset":161717336,"materialAsset":null,"castShadows":true,"castShadowsLightmap":true,"receiveShadows":true,"lightmapped":false,"lightmapSizeMultiplier":1,"castShadowsLightMap":true,"lightMapped":false,"lightMapSizeMultiplier":1,"isStatic":false,"layers":[0],"batchGroupId":null}}},"2254f28e-c53a-4c3a-9a4d-3ebfebe63d6c":{"name":"rocks_smallA","tags":[],"enabled":true,"resource_id":"2254f28e-c53a-4c3a-9a4d-3ebfebe63d6c","parent":"74062f5e-ad92-4bbb-bc7b-1b257cdf6657","children":[],"position":[-12.161982215206047,0,1.0345298051834106],"rotation":[0,0,0],"scale":[1,1,1],"components":{"model":{"enabled":true,"type":"asset","asset":161717166,"materialAsset":null,"castShadows":true,"castShadowsLightmap":true,"receiveShadows":true,"lightmapped":false,"lightmapSizeMultiplier":1,"castShadowsLightMap":true,"lightMapped":false,"lightMapSizeMultiplier":1,"isStatic":false,"layers":[0],"batchGroupId":null}}},"895fd58c-5316-4ebc-9444-23c5bb4d92dc":{"name":"rock_crystalsLargeA","tags":[],"enabled":true,"resource_id":"895fd58c-5316-4ebc-9444-23c5bb4d92dc","parent":"74062f5e-ad92-4bbb-bc7b-1b257cdf6657","children":[],"position":[-8.565384793726723,0,-2.7698755264282227],"rotation":[0,0,0],"scale":[1,1,1],"components":{"model":{"enabled":true,"type":"asset","asset":161717182,"materialAsset":null,"castShadows":true,"castShadowsLightmap":true,"receiveShadows":true,"lightmapped":false,"lightmapSizeMultiplier":1,"castShadowsLightMap":true,"lightMapped":false,"lightMapSizeMultiplier":1,"isStatic":false,"layers":[0],"batchGroupId":null}}},"e2278ed9-407a-4361-96bc-baa71b82e276":{"name":"machine_wireless","tags":[],"enabled":true,"resource_id":"e2278ed9-407a-4361-96bc-baa71b82e276","parent":"74062f5e-ad92-4bbb-bc7b-1b257cdf6657","children":[],"position":[-2.5140984058380127,1,0.287161260843277],"rotation":[0,0,0],"scale":[1,1,1],"components":{"model":{"enabled":true,"type":"asset","asset":161716672,"materialAsset":null,"castShadows":true,"castShadowsLightmap":true,"receiveShadows":true,"lightmapped":false,"lightmapSizeMultiplier":1,"castShadowsLightMap":true,"lightMapped":false,"lightMapSizeMultiplier":1,"isStatic":false,"layers":[0],"batchGroupId":null,"mapping":{"2":159903850}}}},"9d9cb3d4-b832-4b65-8c1e-16bf8e3c001e":{"name":"meteor","tags":[],"enabled":true,"resource_id":"9d9cb3d4-b832-4b65-8c1e-16bf8e3c001e","parent":"74062f5e-ad92-4bbb-bc7b-1b257cdf6657","children":[],"position":[-6.8973541259765625,-0.3545592499987111,3.587258815765381],"rotation":[0,0,0],"scale":[1,1,1],"components":{"model":{"enabled":true,"type":"asset","asset":161716646,"materialAsset":null,"castShadows":true,"castShadowsLightmap":true,"receiveShadows":true,"lightmapped":false,"lightmapSizeMultiplier":1,"castShadowsLightMap":true,"lightMapped":false,"lightMapSizeMultiplier":1,"isStatic":false,"layers":[0],"batchGroupId":null}}},"7954afe4-8c49-4c51-b64d-705e776ad371":{"name":"craterLarge","tags":[],"enabled":true,"resource_id":"7954afe4-8c49-4c51-b64d-705e776ad371","parent":"74062f5e-ad92-4bbb-bc7b-1b257cdf6657","children":[],"position":[0,0,2.76794385149575],"rotation":[0,0,0],"scale":[1,1,1],"components":{"model":{"enabled":true,"type":"asset","asset":159890446,"materialAsset":null,"castShadows":true,"castShadowsLightmap":true,"receiveShadows":true,"lightmapped":false,"lightmapSizeMultiplier":1,"castShadowsLightMap":true,"lightMapped":false,"lightMapSizeMultiplier":1,"isStatic":false,"layers":[0],"batchGroupId":null}}},"840ae64c-7103-41b0-8773-e95e251be164":{"name":"rock","tags":[],"enabled":true,"resource_id":"840ae64c-7103-41b0-8773-e95e251be164","parent":"74062f5e-ad92-4bbb-bc7b-1b257cdf6657","children":[],"position":[-3.685493230819702,0,4.904060073314159],"rotation":[0,0,0],"scale":[1,1,1],"components":{"model":{"enabled":true,"type":"asset","asset":161717171,"materialAsset":null,"castShadows":true,"castShadowsLightmap":true,"receiveShadows":true,"lightmapped":false,"lightmapSizeMultiplier":1,"castShadowsLightMap":true,"lightMapped":false,"lightMapSizeMultiplier":1,"isStatic":false,"layers":[0],"batchGroupId":null}}},"1d81db4d-d0f1-4310-9053-837ebfe21401":{"name":"2D Screen","tags":[],"enabled":true,"resource_id":"1d81db4d-d0f1-4310-9053-837ebfe21401","parent":"7445b7f6-c9fd-4e46-a416-387522198765","children":["2abb7c71-3906-42b5-90ec-0d10f487a48a","512f628a-0d3f-4861-b910-eb6d18a79210","94e82662-a330-4fb6-94a2-cd87bf76ad60"],"position":[0.0965116370960164,2.9117409678358435,2.086866700843302],"rotation":[26.302228571799972,-18.805588847441047,-9.053114585487425],"scale":[1,1,1],"components":{"screen":{"enabled":true,"screenSpace":true,"scaleMode":"blend","scaleBlend":0.5,"resolution":[1280,720],"referenceResolution":[1280,720],"priority":0}}},"2abb7c71-3906-42b5-90ec-0d10f487a48a":{"name":"Text","tags":[],"enabled":true,"resource_id":"2abb7c71-3906-42b5-90ec-0d10f487a48a","parent":"1d81db4d-d0f1-4310-9053-837ebfe21401","children":[],"position":[-0.00001205682349336712,111.80147831583793,42.46945456401227],"rotation":[0,0,0],"scale":[1,1,1],"components":{"element":{"enabled":true,"type":"text","anchor":[0.5,0.5,0.5,0.5],"pivot":[0.5,0.5],"text":"Space\nRaiders","key":null,"fontAsset":161748933,"fontSize":100,"minFontSize":8,"maxFontSize":32,"autoFitWidth":false,"autoFitHeight":false,"maxLines":null,"lineHeight":100,"wrapLines":true,"spacing":1,"color":[1,0,0],"opacity":1,"textureAsset":null,"spriteAsset":null,"spriteFrame":0,"pixelsPerUnit":null,"width":81.28,"height":65.984,"margin":[-127,8.701,-127,-214.901],"alignment":[0.5,0.5],"outlineColor":[0,0,0,1],"outlineThickness":0.5,"shadowColor":[0,0,0,1],"shadowOffset":[0.309,0],"rect":[0,0,1,1],"materialAsset":null,"autoWidth":true,"autoHeight":true,"fitMode":"stretch","useInput":false,"batchGroupId":null,"mask":false,"layers":[4],"enableMarkup":false}}},"94e82662-a330-4fb6-94a2-cd87bf76ad60":{"name":"Text","tags":[],"enabled":true,"resource_id":"94e82662-a330-4fb6-94a2-cd87bf76ad60","parent":"1d81db4d-d0f1-4310-9053-837ebfe21401","children":[],"position":[-0.00003130588345356955,-137.60654053212954,42.46948465952937],"rotation":[0,0,0],"scale":[1,1,1],"components":{"element":{"enabled":true,"type":"text","anchor":[0.5,0.5,0.5,0.5],"pivot":[0.5,0.5],"text":"Press SPACE to start !","key":null,"fontAsset":161748933,"fontSize":35,"minFontSize":8,"maxFontSize":32,"autoFitWidth":false,"autoFitHeight":false,"maxLines":null,"lineHeight":50,"wrapLines":true,"spacing":1,"color":[1,1,1],"opacity":1,"textureAsset":null,"spriteAsset":null,"spriteFrame":0,"pixelsPerUnit":null,"width":361.6,"height":53.1,"margin":[-126.56,-156.192,-126.56,119.022],"alignment":[0.5,0.5],"outlineColor":[0,0,0,1],"outlineThickness":0,"shadowColor":[0,0,0,1],"shadowOffset":[0,0],"rect":[0,0,1,1],"materialAsset":null,"autoWidth":true,"autoHeight":true,"fitMode":"stretch","useInput":true,"batchGroupId":null,"mask":false,"layers":[4],"enableMarkup":false},"script":{"enabled":true,"order":["startGame"],"scripts":{"startGame":{"enabled":true,"attributes":{}}}}}},"c627971a-f7d3-4e50-849c-8f6842b112ff":{"name":"Cylinder","tags":[],"enabled":true,"resource_id":"c627971a-f7d3-4e50-849c-8f6842b112ff","parent":"10f171a3-ae3c-4f7f-ba8d-a8b7ca46600d","children":["0eb4965b-9939-4b70-934c-5d8be1973cee"],"position":[-1.715315818786621,1.5,-2.424851894378662],"rotation":[0,0,0],"scale":[0.5,1,0.5],"components":{"render":{"enabled":true,"type":"cylinder","asset":null,"materialAssets":[161717060],"layers":[0],"batchGroupId":null,"castShadows":true,"castShadowsLightmap":true,"receiveShadows":true,"lightmapped":false,"lightmapSizeMultiplier":1,"castShadowsLightMap":true,"lightMapped":false,"lightMapSizeMultiplier":1,"isStatic":false,"rootBone":null}}},"0eb4965b-9939-4b70-934c-5d8be1973cee":{"name":"Particle System","tags":[],"enabled":true,"resource_id":"0eb4965b-9939-4b70-934c-5d8be1973cee","parent":"c627971a-f7d3-4e50-849c-8f6842b112ff","children":[],"position":[0,0.48350384870544394,0],"rotation":[0,0,0],"scale":[1,1,1],"components":{"particlesystem":{"enabled":true,"autoPlay":true,"numParticles":100,"lifetime":5,"rate":0.01,"rate2":0.1,"startAngle":0,"startAngle2":0,"loop":true,"preWarm":false,"lighting":false,"halfLambert":false,"intensity":1,"depthWrite":false,"depthSoftening":0,"sort":0,"blendType":2,"stretch":0,"alignToMotion":false,"emitterShape":1,"emitterExtents":[0,0,0],"emitterExtentsInner":[0,0,0],"orientation":0,"particleNormal":[0,1,0],"emitterRadius":0,"emitterRadiusInner":0,"initialVelocity":0,"animTilesX":1,"animTilesY":1,"animStartFrame":0,"animNumFrames":1,"animNumAnimations":1,"animIndex":0,"randomizeAnimIndex":false,"animSpeed":1,"animLoop":true,"wrap":false,"wrapBounds":[0,0,0],"colorMapAsset":null,"normalMapAsset":null,"mesh":null,"renderAsset":null,"localSpace":false,"screenSpace":false,"localVelocityGraph":{"type":1,"keys":[[0,0],[0,0,0.25813953488372093,10.5],[0,-10]],"betweenCurves":false},"localVelocityGraph2":{"type":1,"keys":[[0,0],[0,0,0.25813953488372093,10.5],[0,-10]]},"velocityGraph":{"type":1,"keys":[[0,-1],[0,-1],[0,-1]],"betweenCurves":true},"velocityGraph2":{"type":1,"keys":[[0,1],[0.3744186046511628,4.375],[0,1,0.10697674418604651,5,0.40930232558139534,-2.9375]]},"rotationSpeedGraph":{"type":1,"keys":[0,0],"betweenCurves":false},"rotationSpeedGraph2":{"type":1,"keys":[0,0]},"radialSpeedGraph":{"type":1,"keys":[0,0],"betweenCurves":false},"radialSpeedGraph2":{"type":1,"keys":[0,0]},"scaleGraph":{"type":1,"keys":[0.013953488372093023,0.625],"betweenCurves":false},"scaleGraph2":{"type":1,"keys":[0.013953488372093023,0.625]},"colorGraph":{"type":0,"keys":[[0,0.23921568627450981],[0,0.22745098039215686],[0,0.22745098039215686]],"betweenCurves":false},"alphaGraph":{"type":1,"keys":[0,1,0.5325581395348837,0.050000000000000044,0.7255813953488373,0],"betweenCurves":false},"alphaGraph2":{"type":1,"keys":[0,1,0.5325581395348837,0.050000000000000044,0.7255813953488373,0]},"layers":[0]}}},"512f628a-0d3f-4861-b910-eb6d18a79210":{"name":"Text","tags":[],"enabled":true,"resource_id":"512f628a-0d3f-4861-b910-eb6d18a79210","parent":"1d81db4d-d0f1-4310-9053-837ebfe21401","children":[],"position":[-0.000506646234953223,-198.56151483941164,42.469474261366486],"rotation":[0,0,-3.975693351930357e-16],"scale":[1,1,1],"components":{"element":{"enabled":true,"type":"text","anchor":[0.5,0.5,0.5,0.5],"pivot":[0.5,0.5],"text":"Press ESCAPE to view credits !","key":null,"fontAsset":161748933,"fontSize":35,"minFontSize":8,"maxFontSize":32,"autoFitWidth":false,"autoFitHeight":false,"maxLines":null,"lineHeight":50,"wrapLines":true,"spacing":1,"color":[1,1,1],"opacity":1,"textureAsset":null,"spriteAsset":null,"spriteFrame":0,"pixelsPerUnit":null,"width":347.025,"height":37.17,"margin":[-173.513,-217.147,-173.512,179.977],"alignment":[0.5,0.5],"outlineColor":[0,0,0,1],"outlineThickness":0,"shadowColor":[0,0,0,1],"shadowOffset":[0,0],"rect":[0,0,1,1],"materialAsset":null,"autoWidth":true,"autoHeight":true,"fitMode":"stretch","useInput":true,"batchGroupId":null,"mask":false,"layers":[4],"enableMarkup":false},"script":{"enabled":true,"order":["startGame"],"scripts":{"startGame":{"enabled":true,"attributes":{}}}}}}},"created":"2023-12-21T20:54:12.597Z","id":1924011}