{"branch_id":"67cec8d9-02cc-47d2-adc6-3ebd8e0b2a33","name":"Level 1","settings":{"physics":{"gravity":[0,-9.8,0]},"render":{"fog_end":1000,"fog_start":1,"global_ambient":[0.2,0.2,0.2],"fog_color":[0,0,0],"fog":"none","fog_density":0.01,"gamma_correction":1,"tonemapping":0,"exposure":1,"skybox":null,"skyType":"infinite","skyMeshPosition":[0,0,0],"skyMeshRotation":[0,0,0],"skyMeshScale":[100,100,100],"skyCenter":[0,0.1,0],"skyboxIntensity":1,"skyboxRotation":[0,0,0],"skyboxMip":0,"lightmapSizeMultiplier":16,"lightmapMaxResolution":2048,"lightmapMode":1,"lightmapFilterEnabled":false,"lightmapFilterRange":10,"lightmapFilterSmoothness":0.2,"ambientBake":false,"ambientBakeNumSamples":1,"ambientBakeSpherePart":0.4,"ambientBakeOcclusionBrightness":0,"ambientBakeOcclusionContrast":0,"clusteredLightingEnabled":true,"lightingCells":[10,3,10],"lightingMaxLightsPerCell":255,"lightingCookieAtlasResolution":2048,"lightingShadowAtlasResolution":2048,"lightingShadowType":0,"lightingCookiesEnabled":false,"lightingAreaLightsEnabled":false,"lightingShadowsEnabled":true}},"entities":{"f73828df-e887-4ad9-bc7c-910c4dd53feb":{"name":"Root","parent":null,"resource_id":"f73828df-e887-4ad9-bc7c-910c4dd53feb","tags":[],"enabled":true,"components":{},"scale":[1,1,1],"position":[0,0,0],"rotation":[0,0,0],"children":["b0b56bbe-75ec-4e64-8f43-a2cca2c5f421","63433f0a-6f36-40a4-a1e9-1ef232f72a42","58b0a129-1314-4ad4-bb9f-43d29b87060e","4ae32f56-84aa-481a-ae58-c2abebb21ccc","e021a749-71d7-45f4-8dfc-291df9ac8856","60c08a8e-4919-4440-983c-44c7bde12d5f","7ab816c0-18c6-4ccf-8620-c51535b98d40","d895bfde-7f40-4f63-93f1-4502948e1af7"]},"b0b56bbe-75ec-4e64-8f43-a2cca2c5f421":{"name":"Light","parent":"f73828df-e887-4ad9-bc7c-910c4dd53feb","resource_id":"b0b56bbe-75ec-4e64-8f43-a2cca2c5f421","tags":[],"enabled":true,"components":{"light":{"enabled":true,"bake":false,"bakeNumSamples":1,"bakeArea":0,"bakeDir":true,"affectDynamic":true,"affectLightmapped":false,"isStatic":false,"color":[1,1,1],"intensity":1,"type":"directional","shadowDistance":16,"range":8,"innerConeAngle":40,"outerConeAngle":45,"shape":0,"falloffMode":0,"castShadows":true,"shadowUpdateMode":2,"shadowType":0,"shadowResolution":1024,"shadowBias":0.4,"normalOffsetBias":0.05,"vsmBlurMode":1,"vsmBlurSize":11,"vsmBias":0.01,"cookieAsset":null,"cookieIntensity":1,"cookieFalloff":true,"cookieChannel":"rgb","cookieAngle":0,"cookieScale":[1,1],"cookieOffset":[0,0],"layers":[0]}},"scale":[1,1,1],"position":[2,2,-2],"rotation":[45,135,0],"children":[]},"63433f0a-6f36-40a4-a1e9-1ef232f72a42":{"name":"Plane","parent":"f73828df-e887-4ad9-bc7c-910c4dd53feb","resource_id":"63433f0a-6f36-40a4-a1e9-1ef232f72a42","tags":[],"enabled":true,"components":{"render":{"enabled":true,"type":"plane","asset":null,"materialAssets":[null],"castShadows":true,"receiveShadows":true,"lightmapped":false,"lightmapSizeMultiplier":1,"castShadowsLightmap":true,"rootBone":null,"isStatic":false,"layers":[0],"batchGroupId":null}},"scale":[8,1,8],"position":[0,0,-58.367960127811656],"rotation":[0,0,0],"children":[]},"60c08a8e-4919-4440-983c-44c7bde12d5f":{"name":"HeroShip","tags":[],"enabled":true,"resource_id":"60c08a8e-4919-4440-983c-44c7bde12d5f","parent":"f73828df-e887-4ad9-bc7c-910c4dd53feb","children":["5ece4c3a-acc5-4897-b47c-6a79dc255cc9","1dc74152-90ed-4465-be0f-b90c769becd5"],"position":[2,0,-2],"rotation":[0,0,0],"scale":[1,1,1],"components":{"model":{"enabled":true,"type":"asset","asset":159890496,"materialAsset":null,"castShadows":true,"castShadowsLightmap":true,"receiveShadows":true,"lightmapped":false,"lightmapSizeMultiplier":1,"castShadowsLightMap":true,"lightMapped":false,"lightMapSizeMultiplier":1,"isStatic":false,"layers":[0],"batchGroupId":null,"mapping":{}},"collision":{"enabled":true,"type":"mesh","halfExtents":[0.5,0.5,0.5],"radius":0.5,"axis":1,"height":2,"asset":159890496,"renderAsset":null,"linearOffset":[0,0,0],"angularOffset":[0,0,0]},"script":{"enabled":true,"order":["inputControl"],"scripts":{"inputControl":{"enabled":true,"attributes":{}}}}},"template_ent_ids":{"60c08a8e-4919-4440-983c-44c7bde12d5f":"63e06bd8-3334-4ccd-885b-dfe0b46b1ad2","34330cd3-8f46-4545-839b-ccd5a75cab96":"00eefbde-12a1-4b78-9948-e9bfd2cfea1b","5ece4c3a-acc5-4897-b47c-6a79dc255cc9":"948e514b-a7c5-4e4b-9466-d4a44a30000b","1dc74152-90ed-4465-be0f-b90c769becd5":"849aff78-391e-4016-8c41-6b046e377565"},"template_id":159890597},"5ece4c3a-acc5-4897-b47c-6a79dc255cc9":{"name":"Particle System","tags":[],"enabled":true,"resource_id":"5ece4c3a-acc5-4897-b47c-6a79dc255cc9","parent":"60c08a8e-4919-4440-983c-44c7bde12d5f","children":[],"position":[-2.3967111110687256,0.2709999978542328,-2.395],"rotation":[0,0,0],"scale":[1,1,1],"components":{"particlesystem":{"enabled":true,"autoPlay":true,"numParticles":100,"lifetime":1,"rate":0.01,"rate2":0.02,"startAngle":0,"startAngle2":0,"loop":true,"preWarm":false,"lighting":false,"halfLambert":false,"intensity":1,"depthWrite":false,"depthSoftening":0,"sort":0,"blendType":2,"stretch":0,"alignToMotion":false,"emitterShape":1,"emitterExtents":[0,0,0],"emitterExtentsInner":[0,0,0],"orientation":0,"particleNormal":[0,1,0],"emitterRadius":0,"emitterRadiusInner":0,"initialVelocity":0,"animTilesX":1,"animTilesY":1,"animStartFrame":0,"animNumFrames":1,"animNumAnimations":1,"animIndex":0,"randomizeAnimIndex":false,"animSpeed":1,"animLoop":true,"wrap":false,"wrapBounds":[0,0,0],"colorMapAsset":null,"normalMapAsset":null,"mesh":null,"renderAsset":null,"localSpace":false,"screenSpace":false,"localVelocityGraph":{"type":1,"keys":[[0,0],[0,0],[0,-5]],"betweenCurves":false},"localVelocityGraph2":{"type":1,"keys":[[0,0],[0,0],[0,-5]]},"velocityGraph":{"type":1,"keys":[[0,-1],[0,-1],[0,-1]],"betweenCurves":true},"velocityGraph2":{"type":1,"keys":[[0,1],[0,1],[0,1]]},"rotationSpeedGraph":{"type":1,"keys":[0,0],"betweenCurves":false},"rotationSpeedGraph2":{"type":1,"keys":[0,0]},"radialSpeedGraph":{"type":1,"keys":[0,0],"betweenCurves":false},"radialSpeedGraph2":{"type":1,"keys":[0,0]},"scaleGraph":{"type":1,"keys":[0,0.1],"betweenCurves":false},"scaleGraph2":{"type":1,"keys":[0,0.1]},"colorGraph":{"type":4,"keys":[[0,1,0.5,0.8,1,0],[0,0,0.5,0.9803921568627451,1,0],[0,0,0.5,0,1,0]],"betweenCurves":false},"alphaGraph":{"type":1,"keys":[0,1],"betweenCurves":false},"alphaGraph2":{"type":1,"keys":[0,1]},"layers":[0]}}},"1dc74152-90ed-4465-be0f-b90c769becd5":{"name":"Particle System","tags":[],"enabled":true,"resource_id":"1dc74152-90ed-4465-be0f-b90c769becd5","parent":"60c08a8e-4919-4440-983c-44c7bde12d5f","children":[],"position":[-1.6056476831436157,0.2710155248641968,-2.3952192024907673],"rotation":[0,0,0],"scale":[1,1,1],"components":{"particlesystem":{"enabled":true,"autoPlay":true,"numParticles":100,"lifetime":1,"rate":0.01,"rate2":0.02,"startAngle":0,"startAngle2":0,"loop":true,"preWarm":false,"lighting":false,"halfLambert":false,"intensity":1,"depthWrite":false,"depthSoftening":0,"sort":0,"blendType":2,"stretch":0,"alignToMotion":false,"emitterShape":1,"emitterExtents":[0,0,0],"emitterExtentsInner":[0,0,0],"orientation":0,"particleNormal":[0,1,0],"emitterRadius":0,"emitterRadiusInner":0,"initialVelocity":0,"animTilesX":1,"animTilesY":1,"animStartFrame":0,"animNumFrames":1,"animNumAnimations":1,"animIndex":0,"randomizeAnimIndex":false,"animSpeed":1,"animLoop":true,"wrap":false,"wrapBounds":[0,0,0],"colorMapAsset":null,"normalMapAsset":null,"mesh":null,"renderAsset":null,"localSpace":false,"screenSpace":false,"localVelocityGraph":{"type":1,"keys":[[0,0],[0,0],[0,-5]],"betweenCurves":false},"localVelocityGraph2":{"type":1,"keys":[[0,0],[0,0],[0,-5]]},"velocityGraph":{"type":1,"keys":[[0,-1],[0,-1],[0,-1]],"betweenCurves":true},"velocityGraph2":{"type":1,"keys":[[0,1],[0,1],[0,1]]},"rotationSpeedGraph":{"type":1,"keys":[0,0],"betweenCurves":false},"rotationSpeedGraph2":{"type":1,"keys":[0,0]},"radialSpeedGraph":{"type":1,"keys":[0,0],"betweenCurves":false},"radialSpeedGraph2":{"type":1,"keys":[0,0]},"scaleGraph":{"type":1,"keys":[0,0.1],"betweenCurves":false},"scaleGraph2":{"type":1,"keys":[0,0.1]},"colorGraph":{"type":4,"keys":[[0,1,0.5,0.8,1,0],[0,0,0.5,0.9803921568627451,1,0],[0,0,0.5,0,1,0]],"betweenCurves":false},"alphaGraph":{"type":1,"keys":[0,1],"betweenCurves":false},"alphaGraph2":{"type":1,"keys":[0,1]},"layers":[0]}}},"e021a749-71d7-45f4-8dfc-291df9ac8856":{"name":"Camera","tags":[],"enabled":true,"resource_id":"e021a749-71d7-45f4-8dfc-291df9ac8856","parent":"f73828df-e887-4ad9-bc7c-910c4dd53feb","children":["b4fcac99-e548-45c0-bbf7-0f99c8f9a737"],"position":[-0.20081734969389198,18.234550910032205,-6.750959075444673],"rotation":[119.60000062029115,1.399999880209702,179.99999995464123],"scale":[1,1,1],"components":{"camera":{"enabled":true,"clearColorBuffer":true,"clearColor":[0.118,0.118,0.118,1],"clearDepthBuffer":true,"renderSceneDepthMap":false,"renderSceneColorMap":false,"projection":0,"fov":45,"frustumCulling":true,"orthoHeight":4,"nearClip":0.1,"farClip":1000,"priority":0,"rect":[0,0,1,1],"layers":[0,1,2,3,4]},"script":{"enabled":true,"order":["fxaa"],"scripts":{"fxaa":{"enabled":true,"attributes":{}}}}}},"58b0a129-1314-4ad4-bb9f-43d29b87060e":{"name":"Particle System","tags":[],"enabled":true,"resource_id":"58b0a129-1314-4ad4-bb9f-43d29b87060e","parent":"f73828df-e887-4ad9-bc7c-910c4dd53feb","children":[],"position":[-2.0178042162897992e-15,0,31.137905662582362],"rotation":[0,7.016709554608472e-15,180],"scale":[1,1,1],"components":{"particlesystem":{"enabled":true,"autoPlay":true,"numParticles":100,"lifetime":5,"rate":0.01,"rate2":0.05,"startAngle":0,"startAngle2":0,"loop":true,"preWarm":false,"lighting":false,"halfLambert":false,"intensity":1,"depthWrite":false,"depthSoftening":0,"sort":0,"blendType":2,"stretch":0,"alignToMotion":false,"emitterShape":0,"emitterExtents":[30,0,0],"emitterExtentsInner":[0,0,0],"orientation":0,"particleNormal":[0,1,0],"emitterRadius":0,"emitterRadiusInner":0,"initialVelocity":0,"animTilesX":1,"animTilesY":1,"animStartFrame":0,"animNumFrames":1,"animNumAnimations":1,"animIndex":0,"randomizeAnimIndex":false,"animSpeed":1,"animLoop":true,"wrap":false,"wrapBounds":[0,0,0],"colorMapAsset":null,"normalMapAsset":null,"mesh":null,"renderAsset":null,"localSpace":false,"screenSpace":false,"localVelocityGraph":{"type":1,"keys":[[0,0],[0,0],[0,10,0.137,-10]],"betweenCurves":false},"localVelocityGraph2":{"type":1,"keys":[[0,0],[0,0],[0,10,0.137,-10]]},"velocityGraph":{"type":1,"keys":[[0,-1],[0,-1],[0,-1]],"betweenCurves":true},"velocityGraph2":{"type":1,"keys":[[0,1],[0,1],[0,1]]},"rotationSpeedGraph":{"type":1,"keys":[0,0],"betweenCurves":false},"rotationSpeedGraph2":{"type":1,"keys":[0,0]},"radialSpeedGraph":{"type":1,"keys":[0,0],"betweenCurves":false},"radialSpeedGraph2":{"type":1,"keys":[0,0]},"scaleGraph":{"type":1,"keys":[0,0.1],"betweenCurves":false},"scaleGraph2":{"type":1,"keys":[0,0.1]},"colorGraph":{"type":4,"keys":[[0,0.5607843137254902],[0,0.7490196078431373],[0,0.9137254901960784]],"betweenCurves":false},"alphaGraph":{"type":1,"keys":[0,1],"betweenCurves":false},"alphaGraph2":{"type":1,"keys":[0,1]},"layers":[0]}}},"4ae32f56-84aa-481a-ae58-c2abebb21ccc":{"name":"Particle System","tags":[],"enabled":true,"resource_id":"4ae32f56-84aa-481a-ae58-c2abebb21ccc","parent":"f73828df-e887-4ad9-bc7c-910c4dd53feb","children":[],"position":[0,-6.202986828554703e-31,31.138],"rotation":[8.592991279119757e-31,1.0523379724265806e-46,-1.4033419209422001e-14],"scale":[1,1,1],"components":{"particlesystem":{"enabled":true,"autoPlay":true,"numParticles":90,"lifetime":5,"rate":0.05,"rate2":0.1,"startAngle":0,"startAngle2":0,"loop":true,"preWarm":false,"lighting":false,"halfLambert":false,"intensity":1,"depthWrite":false,"depthSoftening":0,"sort":0,"blendType":2,"stretch":0,"alignToMotion":false,"emitterShape":0,"emitterExtents":[30,0,0],"emitterExtentsInner":[0,0,0],"orientation":0,"particleNormal":[0,1,0],"emitterRadius":0,"emitterRadiusInner":0,"initialVelocity":0,"animTilesX":1,"animTilesY":1,"animStartFrame":0,"animNumFrames":1,"animNumAnimations":1,"animIndex":0,"randomizeAnimIndex":false,"animSpeed":1,"animLoop":true,"wrap":false,"wrapBounds":[0,0,0],"colorMapAsset":null,"normalMapAsset":null,"mesh":null,"renderAsset":null,"localSpace":false,"screenSpace":false,"localVelocityGraph":{"type":1,"keys":[[0,0],[0,0],[0,-10,0.2302325581395349,-7.25]],"betweenCurves":false},"localVelocityGraph2":{"type":1,"keys":[[0,0],[0,0],[0,-10,0.2302325581395349,-7.25]]},"velocityGraph":{"type":1,"keys":[[0,-1],[0,-1],[0,-1]],"betweenCurves":true},"velocityGraph2":{"type":1,"keys":[[0,1],[0,1],[0,1]]},"rotationSpeedGraph":{"type":1,"keys":[0,0],"betweenCurves":false},"rotationSpeedGraph2":{"type":1,"keys":[0,0]},"radialSpeedGraph":{"type":1,"keys":[0,0],"betweenCurves":false},"radialSpeedGraph2":{"type":1,"keys":[0,0]},"scaleGraph":{"type":1,"keys":[0,0.1],"betweenCurves":false},"scaleGraph2":{"type":1,"keys":[0,0.1]},"colorGraph":{"type":4,"keys":[[0,0.4549019607843137],[0,0.8117647058823529],[0,0.8862745098039215]],"betweenCurves":false},"alphaGraph":{"type":1,"keys":[0,1],"betweenCurves":false},"alphaGraph2":{"type":1,"keys":[0,1]},"layers":[0]}}},"7ab816c0-18c6-4ccf-8620-c51535b98d40":{"name":"EnemyShip","tags":[],"enabled":true,"resource_id":"7ab816c0-18c6-4ccf-8620-c51535b98d40","parent":"f73828df-e887-4ad9-bc7c-910c4dd53feb","children":["d8564ced-9b66-4eef-bb27-898c9d2ae97c"],"position":[-2,0,2],"rotation":[180,0,180],"scale":[1,1,1],"components":{"model":{"enabled":true,"type":"asset","asset":159890457,"materialAsset":null,"castShadows":true,"castShadowsLightmap":true,"receiveShadows":true,"lightmapped":false,"lightmapSizeMultiplier":1,"castShadowsLightMap":true,"lightMapped":false,"lightMapSizeMultiplier":1,"isStatic":false,"layers":[0],"batchGroupId":null},"collision":{"enabled":true,"type":"mesh","halfExtents":[0.5,0.5,0.5],"radius":0.5,"axis":1,"height":2,"asset":159890457,"renderAsset":null,"linearOffset":[0,0,0],"angularOffset":[0,0,0]},"script":{"enabled":true,"order":["trigger2"],"scripts":{"trigger2":{"enabled":true,"attributes":{}}}},"particlesystem":{"enabled":false,"autoPlay":true,"numParticles":300,"lifetime":1,"rate":0.5,"rate2":0.1,"startAngle":0,"startAngle2":0,"loop":true,"preWarm":false,"lighting":false,"halfLambert":false,"intensity":5,"depthWrite":false,"depthSoftening":0,"sort":0,"blendType":2,"stretch":0,"alignToMotion":false,"emitterShape":1,"emitterExtents":[0,0,0],"emitterExtentsInner":[0,0,0],"orientation":0,"particleNormal":[0,1,0],"emitterRadius":0,"emitterRadiusInner":0,"initialVelocity":0,"animTilesX":1,"animTilesY":1,"animStartFrame":0,"animNumFrames":1,"animNumAnimations":1,"animIndex":0,"randomizeAnimIndex":false,"animSpeed":1,"animLoop":true,"wrap":false,"wrapBounds":[0,0,0],"colorMapAsset":null,"normalMapAsset":null,"mesh":null,"renderAsset":null,"localSpace":false,"screenSpace":false,"localVelocityGraph":{"type":1,"keys":[[0,0],[0,0],[0,0]],"betweenCurves":false},"localVelocityGraph2":{"type":1,"keys":[[0,0],[0,0],[0,0]]},"velocityGraph":{"type":1,"keys":[[0,-1],[0,-1],[0,-1]],"betweenCurves":true},"velocityGraph2":{"type":1,"keys":[[0,1],[0,1],[0,1]]},"rotationSpeedGraph":{"type":1,"keys":[0,0],"betweenCurves":false},"rotationSpeedGraph2":{"type":1,"keys":[0,0]},"radialSpeedGraph":{"type":1,"keys":[0,0],"betweenCurves":false},"radialSpeedGraph2":{"type":1,"keys":[0,0]},"scaleGraph":{"type":1,"keys":[0,0.1],"betweenCurves":false},"scaleGraph2":{"type":1,"keys":[0,0.1]},"colorGraph":{"type":4,"keys":[[0,1],[0,1],[0,1]],"betweenCurves":false},"alphaGraph":{"type":1,"keys":[0,1],"betweenCurves":false},"alphaGraph2":{"type":1,"keys":[0,1]},"layers":[0]}},"template_ent_ids":{"7ab816c0-18c6-4ccf-8620-c51535b98d40":"9b8dbfca-7417-44e5-8e65-11e21c997eb7","d8564ced-9b66-4eef-bb27-898c9d2ae97c":"22f15252-c28c-42f1-ac5d-70a4a2506e57"},"template_id":182464190},"b4fcac99-e548-45c0-bbf7-0f99c8f9a737":{"name":"2D Screen","tags":[],"enabled":true,"resource_id":"b4fcac99-e548-45c0-bbf7-0f99c8f9a737","parent":"e021a749-71d7-45f4-8dfc-291df9ac8856","children":["4b696534-7ad8-4a92-af4f-8b6b7e3c7b40","ec9c7c12-7d5c-4c4c-995a-bc2315359777","d30d2cfd-8bb0-45ab-8b8e-4d1628fb358c","e6fe87d1-51ce-4569-952b-cae269bbaf0e","f2c6d185-a066-4e5a-b2e0-3bba0d5fecdc","c0f2ddea-d09e-4a79-be89-89a756f2c765","e7c285d4-b86e-400c-8625-cf5746db098a","65370ff2-5ace-4614-8e8e-163b52f69a2a"],"position":[0,0,0],"rotation":[0,0,0],"scale":[1,1,1],"components":{"screen":{"enabled":true,"screenSpace":true,"scaleMode":"blend","scaleBlend":0.5,"resolution":[1280,720],"referenceResolution":[1280,720],"priority":0},"sprite":{"enabled":true,"type":"simple","width":1,"height":1,"color":[1,1,1],"opacity":1,"flipX":false,"flipY":false,"spriteAsset":null,"frame":0,"speed":1,"batchGroupId":null,"layers":[0,4],"drawOrder":0,"autoPlayClip":null,"clips":{}}}},"ec9c7c12-7d5c-4c4c-995a-bc2315359777":{"name":"Image","tags":[],"enabled":true,"resource_id":"ec9c7c12-7d5c-4c4c-995a-bc2315359777","parent":"b4fcac99-e548-45c0-bbf7-0f99c8f9a737","children":[],"position":[87.707,-656.2365587753227,0.00012377161328913644],"rotation":[0,0,0],"scale":[1,1,1],"components":{"element":{"enabled":true,"type":"image","anchor":[0,1,0,1],"pivot":[0.5,0.5],"text":"","key":null,"fontAsset":161748933,"fontSize":32,"minFontSize":8,"maxFontSize":32,"autoFitWidth":false,"autoFitHeight":false,"maxLines":null,"lineHeight":32,"wrapLines":true,"spacing":1,"color":[1,1,1],"opacity":1,"textureAsset":162480706,"spriteAsset":null,"spriteFrame":0,"pixelsPerUnit":null,"width":125,"height":125,"margin":[25.207,-718.737,-150.207,593.737],"alignment":[0.5,0.5],"outlineColor":[0,0,0,1],"outlineThickness":0,"shadowColor":[0,0,0,1],"shadowOffset":[0,0],"rect":[0,0,1,1],"materialAsset":null,"autoWidth":false,"autoHeight":false,"fitMode":"stretch","useInput":false,"batchGroupId":null,"mask":false,"layers":[4],"enableMarkup":false}}},"4b696534-7ad8-4a92-af4f-8b6b7e3c7b40":{"name":"Image","tags":[],"enabled":true,"resource_id":"4b696534-7ad8-4a92-af4f-8b6b7e3c7b40","parent":"b4fcac99-e548-45c0-bbf7-0f99c8f9a737","children":[],"position":[91.02899370142285,-256.9713039870037,0],"rotation":[0,0,0],"scale":[1,1,1],"components":{"element":{"enabled":true,"type":"image","anchor":[0,0.5,0,0.5],"pivot":[0.5,0.5],"text":"","key":null,"fontAsset":161748933,"fontSize":32,"minFontSize":8,"maxFontSize":32,"autoFitWidth":false,"autoFitHeight":false,"maxLines":null,"lineHeight":32,"wrapLines":true,"spacing":1,"color":[1,1,1],"opacity":1,"textureAsset":162480705,"spriteAsset":null,"spriteFrame":0,"pixelsPerUnit":null,"width":135,"height":135,"margin":[23.529,-324.471,-158.529,189.471],"alignment":[0.5,0.5],"outlineColor":[0,0,0,1],"outlineThickness":0,"shadowColor":[0,0,0,1],"shadowOffset":[0,0],"rect":[0,0,1,1],"materialAsset":null,"autoWidth":false,"autoHeight":false,"fitMode":"contain","useInput":false,"batchGroupId":null,"mask":false,"layers":[4],"enableMarkup":false}}},"d30d2cfd-8bb0-45ab-8b8e-4d1628fb358c":{"name":"Image","tags":[],"enabled":true,"resource_id":"d30d2cfd-8bb0-45ab-8b8e-4d1628fb358c","parent":"b4fcac99-e548-45c0-bbf7-0f99c8f9a737","children":[],"position":[1304.815,-644.8645192003846,0.00024634331930428743],"rotation":[0,0,0],"scale":[1,1,1],"components":{"element":{"enabled":true,"type":"image","anchor":[0,1,0,1],"pivot":[0.5,0.5],"text":"","key":null,"fontAsset":161748933,"fontSize":32,"minFontSize":8,"maxFontSize":32,"autoFitWidth":false,"autoFitHeight":false,"maxLines":null,"lineHeight":32,"wrapLines":true,"spacing":1,"color":[1,1,1],"opacity":1,"textureAsset":162480704,"spriteAsset":null,"spriteFrame":0,"pixelsPerUnit":null,"width":75,"height":75,"margin":[1267.315,-682.365,-1342.315,607.365],"alignment":[0.5,0.5],"outlineColor":[0,0,0,1],"outlineThickness":0,"shadowColor":[0,0,0,1],"shadowOffset":[0,0],"rect":[0,0,1,1],"materialAsset":null,"autoWidth":false,"autoHeight":false,"fitMode":"stretch","useInput":false,"batchGroupId":null,"mask":false,"layers":[4],"enableMarkup":false}}},"e6fe87d1-51ce-4569-952b-cae269bbaf0e":{"name":"Score","tags":[],"enabled":true,"resource_id":"e6fe87d1-51ce-4569-952b-cae269bbaf0e","parent":"b4fcac99-e548-45c0-bbf7-0f99c8f9a737","children":[],"position":[-52.47697467480316,-24.635161667853595,0],"rotation":[0,0,0],"scale":[1,1,1],"components":{"element":{"enabled":true,"type":"text","anchor":[1,1,1,1],"pivot":[0.5,0.5],"text":"Score: 0","key":null,"fontAsset":161748933,"fontSize":32,"minFontSize":8,"maxFontSize":32,"autoFitWidth":false,"autoFitHeight":false,"maxLines":null,"lineHeight":32,"wrapLines":true,"spacing":1,"color":[1,1,1],"opacity":1,"textureAsset":null,"spriteAsset":null,"spriteFrame":0,"pixelsPerUnit":null,"width":85.472,"height":32,"margin":[-95.213,-41.627,9.741,7.643],"alignment":[0.5,0.5],"outlineColor":[0,0,0,1],"outlineThickness":0,"shadowColor":[0,0,0,1],"shadowOffset":[0,0],"rect":[0,0,1,1],"materialAsset":null,"autoWidth":true,"autoHeight":true,"fitMode":"stretch","useInput":false,"batchGroupId":null,"mask":false,"layers":[4],"enableMarkup":false},"script":{"enabled":true,"order":["scoreUpdate"],"scripts":{"scoreUpdate":{"enabled":true,"attributes":{}}}}}},"f2c6d185-a066-4e5a-b2e0-3bba0d5fecdc":{"name":"Text","tags":[],"enabled":true,"resource_id":"f2c6d185-a066-4e5a-b2e0-3bba0d5fecdc","parent":"b4fcac99-e548-45c0-bbf7-0f99c8f9a737","children":[],"position":[-1111.2630000000001,660.6265759115045,0],"rotation":[0,0,0],"scale":[1,1,1],"components":{"element":{"enabled":true,"type":"text","anchor":[1,0,1,0],"pivot":[1,0],"text":"Space Pirates – Alpha 1.3.0 (Internal Testing)","key":null,"fontAsset":161748933,"fontSize":16,"minFontSize":8,"maxFontSize":32,"autoFitWidth":false,"autoFitHeight":false,"maxLines":null,"lineHeight":32,"wrapLines":true,"spacing":1,"color":[1,1,1],"opacity":1,"textureAsset":null,"spriteAsset":null,"spriteFrame":0,"pixelsPerUnit":null,"width":238.416,"height":16.992,"margin":[-1349.679,660.627,1111.263,-677.619],"alignment":[0.5,0.5],"outlineColor":[0,0,0,1],"outlineThickness":0,"shadowColor":[0,0,0,1],"shadowOffset":[0,0],"rect":[0,0,1,1],"materialAsset":null,"autoWidth":true,"autoHeight":true,"fitMode":"stretch","useInput":false,"batchGroupId":null,"mask":false,"layers":[4],"enableMarkup":false}}},"d895bfde-7f40-4f63-93f1-4502948e1af7":{"name":"Enemy Spawner","tags":[],"enabled":true,"resource_id":"d895bfde-7f40-4f63-93f1-4502948e1af7","parent":"f73828df-e887-4ad9-bc7c-910c4dd53feb","children":[],"position":[0,0,50],"rotation":[0,0,0],"scale":[1,1,1],"components":{"script":{"enabled":true,"order":["enemySpawner","enemySpawner2"],"scripts":{"enemySpawner":{"enabled":true,"attributes":{}},"enemySpawner2":{"enabled":true,"attributes":{}}}}}},"c0f2ddea-d09e-4a79-be89-89a756f2c765":{"name":"Text","tags":[],"enabled":true,"resource_id":"c0f2ddea-d09e-4a79-be89-89a756f2c765","parent":"b4fcac99-e548-45c0-bbf7-0f99c8f9a737","children":[],"position":[0,315.32814880938696,0],"rotation":[0,0,0],"scale":[1,1,1],"components":{"element":{"enabled":true,"type":"text","anchor":[0.5,0.5,0.5,0.5],"pivot":[0.5,0.5],"text":"0","key":null,"fontAsset":161748933,"fontSize":32,"minFontSize":8,"maxFontSize":32,"autoFitWidth":false,"autoFitHeight":false,"maxLines":null,"lineHeight":32,"wrapLines":true,"spacing":1,"color":[1,1,1],"opacity":1,"textureAsset":null,"spriteAsset":null,"spriteFrame":0,"pixelsPerUnit":null,"width":12.8,"height":32,"margin":[-6.4,298.336,-6.4,-332.32],"alignment":[0.5,0.5],"outlineColor":[0,0,0,1],"outlineThickness":0,"shadowColor":[0,0,0,1],"shadowOffset":[0,0],"rect":[0,0,1,1],"materialAsset":null,"autoWidth":true,"autoHeight":true,"fitMode":"stretch","useInput":false,"batchGroupId":null,"mask":false,"layers":[4],"enableMarkup":false},"script":{"enabled":true,"order":["timer"],"scripts":{"timer":{"enabled":true,"attributes":{}}}}}},"e7c285d4-b86e-400c-8625-cf5746db098a":{"name":"Text","tags":[],"enabled":true,"resource_id":"e7c285d4-b86e-400c-8625-cf5746db098a","parent":"b4fcac99-e548-45c0-bbf7-0f99c8f9a737","children":[],"position":[0,0,0],"rotation":[0,0,0],"scale":[1,1,1],"components":{"element":{"enabled":true,"type":"text","anchor":[0.5,0.5,0.5,0.5],"pivot":[0.5,0.5],"text":"Game Over!","key":null,"fontAsset":161748933,"fontSize":114.13,"minFontSize":8,"maxFontSize":32,"autoFitWidth":false,"autoFitHeight":false,"maxLines":null,"lineHeight":32,"wrapLines":true,"spacing":1,"color":[1,1,1],"opacity":0,"textureAsset":null,"spriteAsset":null,"spriteFrame":0,"pixelsPerUnit":null,"width":411.895,"height":121.206,"margin":[-205.948,-60.603,-205.948,-60.603],"alignment":[0.5,0.5],"outlineColor":[0,0,0,1],"outlineThickness":0,"shadowColor":[0,0,0,1],"shadowOffset":[0,0],"rect":[0,0,1,1],"materialAsset":null,"autoWidth":true,"autoHeight":true,"fitMode":"stretch","useInput":false,"batchGroupId":null,"mask":false,"layers":[4],"enableMarkup":false},"script":{"enabled":true,"order":["endGame"],"scripts":{"endGame":{"enabled":true,"attributes":{}}}}}},"65370ff2-5ace-4614-8e8e-163b52f69a2a":{"name":"Text","tags":[],"enabled":true,"resource_id":"65370ff2-5ace-4614-8e8e-163b52f69a2a","parent":"b4fcac99-e548-45c0-bbf7-0f99c8f9a737","children":[],"position":[-2.384187141046823e-7,-111.93470634781988,0.00006192698492668569],"rotation":[0,0,0],"scale":[1,1,1],"components":{"element":{"enabled":true,"type":"text","anchor":[0.5,0.5,0.5,0.5],"pivot":[0.5,0.5],"text":"Press ESC to return.","key":null,"fontAsset":161748933,"fontSize":32,"minFontSize":8,"maxFontSize":32,"autoFitWidth":false,"autoFitHeight":false,"maxLines":null,"lineHeight":32,"wrapLines":true,"spacing":1,"color":[1,1,1],"opacity":0,"textureAsset":null,"spriteAsset":null,"spriteFrame":0,"pixelsPerUnit":null,"width":217.856,"height":32,"margin":[-108.928,-128.927,-108.928,94.943],"alignment":[0.5,0.5],"outlineColor":[0,0,0,1],"outlineThickness":0,"shadowColor":[0,0,0,1],"shadowOffset":[0,0],"rect":[0,0,1,1],"materialAsset":null,"autoWidth":true,"autoHeight":true,"fitMode":"stretch","useInput":false,"batchGroupId":null,"mask":false,"layers":[4],"enableMarkup":false},"script":{"enabled":true,"order":["endGame"],"scripts":{"endGame":{"enabled":true,"attributes":{}}}}}},"d8564ced-9b66-4eef-bb27-898c9d2ae97c":{"name":"Particle System","tags":[],"enabled":true,"resource_id":"d8564ced-9b66-4eef-bb27-898c9d2ae97c","parent":"7ab816c0-18c6-4ccf-8620-c51535b98d40","children":[],"position":[-1.9504618644714355,0.20502465239493606,-2.5518596172332764],"rotation":[0,0,0],"scale":[1,1,1],"components":{"particlesystem":{"enabled":true,"autoPlay":true,"numParticles":30,"lifetime":5,"rate":0.1,"rate2":0.1,"startAngle":0,"startAngle2":0,"loop":true,"preWarm":false,"lighting":false,"halfLambert":false,"intensity":1,"depthWrite":false,"depthSoftening":0,"sort":0,"blendType":2,"stretch":0,"alignToMotion":false,"emitterShape":1,"emitterExtents":[0,0,0],"emitterExtentsInner":[0,0,0],"orientation":0,"particleNormal":[0,1,0],"emitterRadius":0,"emitterRadiusInner":0,"initialVelocity":0,"animTilesX":1,"animTilesY":1,"animStartFrame":0,"animNumFrames":1,"animNumAnimations":1,"animIndex":0,"randomizeAnimIndex":false,"animSpeed":1,"animLoop":true,"wrap":false,"wrapBounds":[0,0,0],"colorMapAsset":null,"normalMapAsset":null,"mesh":null,"renderAsset":null,"localSpace":false,"screenSpace":false,"localVelocityGraph":{"type":1,"keys":[[0,0],[0,0],[0,0]],"betweenCurves":false},"localVelocityGraph2":{"type":1,"keys":[[0,0],[0,0],[0,0]]},"velocityGraph":{"type":0,"keys":[[0,-1,0,-1],[0,-1,0.25116279069767444,-0.9375],[0,-1,0.8255813953488372,0.75]],"betweenCurves":true},"velocityGraph2":{"type":0,"keys":[[0,1],[0,1],[0,1]]},"rotationSpeedGraph":{"type":1,"keys":[0,0],"betweenCurves":false},"rotationSpeedGraph2":{"type":1,"keys":[0,0]},"radialSpeedGraph":{"type":1,"keys":[0,0],"betweenCurves":false},"radialSpeedGraph2":{"type":1,"keys":[0,0]},"scaleGraph":{"type":1,"keys":[0,0.1],"betweenCurves":false},"scaleGraph2":{"type":1,"keys":[0,0.1]},"colorGraph":{"type":4,"keys":[[0,1,0.31213872832369943,0.9372549019607843,0.8410404624277457,0.01568627450980392],[0,0,0.31213872832369943,0.27058823529411763,0.8410404624277457,0.011764705882352941],[0,0,0.31213872832369943,0.047058823529411764,0.8410404624277457,0]],"betweenCurves":false},"alphaGraph":{"type":1,"keys":[0,1],"betweenCurves":false},"alphaGraph2":{"type":1,"keys":[0,1]},"layers":[0]}}}},"created":"2024-01-02T17:51:53.104Z","id":1927172}