{"branch_id":"67cec8d9-02cc-47d2-adc6-3ebd8e0b2a33","name":"Credits","settings":{"physics":{"gravity":[0,-9.8,0]},"render":{"fog_end":1000,"fog_start":1,"global_ambient":[0.2,0.2,0.2],"fog_color":[0,0,0],"fog":"none","fog_density":0.01,"gamma_correction":1,"tonemapping":0,"exposure":1,"skybox":null,"skyboxIntensity":1,"skyboxRotation":[0,0,0],"skyboxMip":0,"lightmapSizeMultiplier":16,"lightmapMaxResolution":2048,"lightmapMode":1,"lightmapFilterEnabled":false,"lightmapFilterRange":10,"lightmapFilterSmoothness":0.2,"ambientBake":false,"ambientBakeNumSamples":1,"ambientBakeSpherePart":0.4,"ambientBakeOcclusionBrightness":0,"ambientBakeOcclusionContrast":0,"clusteredLightingEnabled":true,"lightingCells":[10,3,10],"lightingMaxLightsPerCell":255,"lightingCookieAtlasResolution":2048,"lightingShadowAtlasResolution":2048,"lightingShadowType":0,"lightingCookiesEnabled":false,"lightingAreaLightsEnabled":false,"lightingShadowsEnabled":true,"skyType":"infinite","skyMeshPosition":[0,0,0],"skyMeshRotation":[0,0,0],"skyMeshScale":[100,100,100],"skyCenter":[0,0.1,0]}},"entities":{"8f3c65f0-5f22-4234-a47a-33f7dffc458d":{"name":"Root","parent":null,"resource_id":"8f3c65f0-5f22-4234-a47a-33f7dffc458d","tags":[],"enabled":true,"components":{},"scale":[1,1,1],"position":[0,0,0],"rotation":[0,0,0],"children":["31d0047e-d6e5-4471-ac39-3240c03c95d9","6d532c24-4582-4746-974f-c607004eadd4","e0ce87de-ecc3-49fd-8cc3-603684b8e910","582ab491-e2a7-4b0b-ac05-57411b4323f5","17a18f6b-ff04-4bfd-8856-e2a65f205d01","a09f0dde-c36c-49ad-9319-4167da22ca6f","d4b4a8c7-3fe0-41ab-909c-8eb3afb2bbf0","ba677708-db0f-4993-97be-fdaad4c0cf88","43abea19-748e-4d17-8c9a-f5698517ae4d","68084a1c-ef2a-41ff-80de-8ed0bb7527d8","c59cfed5-b179-4733-a65a-7f01d88e66e7","6ecc858c-c615-4a55-aa75-53a4f623b885","43e91fe8-2ed2-4ced-ba61-6a3cb26fd71a","53dfeebf-0538-4ccf-8b79-a6a3dae94f3f","8c506f88-af5c-45e7-8a8c-164cf68247ee","07941f66-d814-4bf3-bdb7-7fa7ccbed6df","53ae1efe-0b0d-4443-b025-43865cd42a6f"]},"31d0047e-d6e5-4471-ac39-3240c03c95d9":{"name":"Camera","tags":[],"enabled":true,"resource_id":"31d0047e-d6e5-4471-ac39-3240c03c95d9","parent":"8f3c65f0-5f22-4234-a47a-33f7dffc458d","children":["09a92757-4009-4883-a869-03ccaf046627"],"position":[-3.4279209430514275,1.9563092392836934,5.765805181510045],"rotation":[-20.800000929346833,20.599997058474248,-1.369850486682107e-7],"scale":[1,1,1],"components":{"camera":{"enabled":true,"clearColorBuffer":true,"clearColor":[0.118,0.118,0.118,1],"clearDepthBuffer":true,"renderSceneDepthMap":false,"renderSceneColorMap":false,"projection":0,"fov":45,"frustumCulling":true,"orthoHeight":4,"nearClip":0.1,"farClip":1000,"priority":0,"rect":[0,0,1,1],"layers":[0,1,2,3,4]}}},"09a92757-4009-4883-a869-03ccaf046627":{"name":"2D Screen","tags":[],"enabled":true,"resource_id":"09a92757-4009-4883-a869-03ccaf046627","parent":"31d0047e-d6e5-4471-ac39-3240c03c95d9","children":["456f7568-58a2-4f54-a1f3-324948e810a6","e315be36-9b7b-4033-8906-074fc25e67e0"],"position":[0.0965116370960164,2.9117409678358435,2.086866700843302],"rotation":[26.302228571799972,-18.805588847441047,-9.053114585487425],"scale":[1,1,1],"components":{"screen":{"enabled":true,"screenSpace":true,"scaleMode":"blend","scaleBlend":0.5,"resolution":[1280,720],"referenceResolution":[1280,720],"priority":0},"script":{"enabled":true,"order":["menuScene"],"scripts":{"menuScene":{"enabled":true,"attributes":{}}}}}},"6d532c24-4582-4746-974f-c607004eadd4":{"name":"Light","tags":[],"enabled":true,"resource_id":"6d532c24-4582-4746-974f-c607004eadd4","parent":"8f3c65f0-5f22-4234-a47a-33f7dffc458d","children":[],"position":[2,2,-2],"rotation":[45,135,0],"scale":[1,1,1],"components":{"light":{"enabled":true,"type":"directional","bake":false,"bakeArea":0,"bakeNumSamples":1,"bakeDir":true,"affectDynamic":true,"affectLightmapped":false,"color":[1,1,1],"intensity":1,"castShadows":true,"shadowUpdateMode":2,"shadowType":0,"vsmBlurMode":1,"vsmBlurSize":11,"vsmBias":0.01,"shadowDistance":16,"shadowIntensity":1,"shadowResolution":1024,"numCascades":1,"cascadeDistribution":0.5,"shadowBias":0.4,"normalOffsetBias":0.05,"range":8,"falloffMode":0,"innerConeAngle":40,"outerConeAngle":45,"shape":0,"cookieAsset":null,"cookieIntensity":1,"cookieFalloff":true,"cookieChannel":"rgb","cookieAngle":0,"cookieScale":[1,1],"cookieOffset":[0,0],"isStatic":false,"layers":[0]}}},"e0ce87de-ecc3-49fd-8cc3-603684b8e910":{"name":"Plane","tags":[],"enabled":true,"resource_id":"e0ce87de-ecc3-49fd-8cc3-603684b8e910","parent":"8f3c65f0-5f22-4234-a47a-33f7dffc458d","children":[],"position":[0,0,0],"rotation":[0,0,0],"scale":[100,1,100],"components":{"render":{"enabled":true,"type":"plane","asset":null,"materialAssets":[161716645],"layers":[0],"batchGroupId":null,"castShadows":true,"castShadowsLightmap":true,"receiveShadows":true,"lightmapped":false,"lightmapSizeMultiplier":1,"castShadowsLightMap":true,"lightMapped":false,"lightMapSizeMultiplier":1,"isStatic":false,"rootBone":null}}},"582ab491-e2a7-4b0b-ac05-57411b4323f5":{"name":"HeroShip","tags":[],"enabled":true,"resource_id":"582ab491-e2a7-4b0b-ac05-57411b4323f5","parent":"8f3c65f0-5f22-4234-a47a-33f7dffc458d","children":["4004dc36-a7ec-441d-a85f-fcf62db60fa4"],"position":[-2.4576992988586426,0,2.56701380634545],"rotation":[0,17.68695774391781,0],"scale":[1,1,1],"components":{"model":{"enabled":true,"type":"asset","asset":159890496,"materialAsset":null,"castShadows":true,"castShadowsLightmap":true,"receiveShadows":true,"lightmapped":false,"lightmapSizeMultiplier":1,"castShadowsLightMap":true,"lightMapped":false,"lightMapSizeMultiplier":1,"isStatic":false,"layers":[0],"batchGroupId":null,"mapping":{}},"collision":{"enabled":true,"type":"mesh","halfExtents":[0.5,0.5,0.5],"radius":0.5,"axis":1,"height":2,"asset":159890496,"renderAsset":null,"linearOffset":[0,0,0],"angularOffset":[0,0,0]},"script":{"enabled":true,"order":["inputControl"],"scripts":{"inputControl":{"enabled":true,"attributes":{}}}}},"template_id":159890597,"template_ent_ids":{"582ab491-e2a7-4b0b-ac05-57411b4323f5":"63e06bd8-3334-4ccd-885b-dfe0b46b1ad2","de3a8dd6-37a6-4b90-af69-57ce136976ed":"00eefbde-12a1-4b78-9948-e9bfd2cfea1b","315f5bb5-c642-4289-8758-c44ac59b9e77":"948e514b-a7c5-4e4b-9466-d4a44a30000b","3d87fa57-307d-4486-aa10-2b47068ac6d7":"849aff78-391e-4016-8c41-6b046e377565"}},"4004dc36-a7ec-441d-a85f-fcf62db60fa4":{"name":"Hero","tags":[],"enabled":true,"resource_id":"4004dc36-a7ec-441d-a85f-fcf62db60fa4","parent":"582ab491-e2a7-4b0b-ac05-57411b4323f5","children":[],"position":[-1.4273496866226196,0,-0.7905847050263313],"rotation":[0,0,0],"scale":[0.2,0.2,0.2],"components":{"model":{"enabled":true,"type":"asset","asset":159888477,"materialAsset":null,"castShadows":true,"castShadowsLightmap":true,"receiveShadows":true,"lightmapped":false,"lightmapSizeMultiplier":1,"castShadowsLightMap":true,"lightMapped":false,"lightMapSizeMultiplier":1,"isStatic":false,"layers":[0],"batchGroupId":null},"anim":{"stateGraphAsset":167194814,"animationAssets":{"Base:Idle":{"asset":159888493},"Base:Jump":{"asset":159888487},"Base:Run":{"asset":159888489}},"enabled":true,"speed":1,"activate":true,"playing":false,"rootBone":null,"masks":{},"normalizeWeights":false},"script":{"enabled":true,"order":["jumpInput"],"scripts":{"jumpInput":{"enabled":true,"attributes":{}}}}},"template_id":159888864,"template_ent_ids":{"4004dc36-a7ec-441d-a85f-fcf62db60fa4":"b1f1a656-755b-4fae-bc18-4a87ae782f37"}},"17a18f6b-ff04-4bfd-8856-e2a65f205d01":{"name":"hangar_largeA","tags":[],"enabled":true,"resource_id":"17a18f6b-ff04-4bfd-8856-e2a65f205d01","parent":"8f3c65f0-5f22-4234-a47a-33f7dffc458d","children":["1bfdd656-6f1e-48f6-b982-51c486269b4a"],"position":[-4.670231353863414,0,0],"rotation":[0,0,0],"scale":[1,1,1],"components":{"model":{"enabled":true,"type":"asset","asset":161716710,"materialAsset":null,"castShadows":true,"castShadowsLightmap":true,"receiveShadows":true,"lightmapped":false,"lightmapSizeMultiplier":1,"castShadowsLightMap":true,"lightMapped":false,"lightMapSizeMultiplier":1,"isStatic":false,"layers":[0],"batchGroupId":null}}},"1bfdd656-6f1e-48f6-b982-51c486269b4a":{"name":"Cylinder","tags":[],"enabled":true,"resource_id":"1bfdd656-6f1e-48f6-b982-51c486269b4a","parent":"17a18f6b-ff04-4bfd-8856-e2a65f205d01","children":["c2328ceb-2958-4331-826a-d5b556827e24"],"position":[-1.715315818786621,1.5,-2.424851894378662],"rotation":[0,0,0],"scale":[0.5,1,0.5],"components":{"render":{"enabled":true,"type":"cylinder","asset":null,"materialAssets":[161717060],"layers":[0],"batchGroupId":null,"castShadows":true,"castShadowsLightmap":true,"receiveShadows":true,"lightmapped":false,"lightmapSizeMultiplier":1,"castShadowsLightMap":true,"lightMapped":false,"lightMapSizeMultiplier":1,"isStatic":false,"rootBone":null}}},"c2328ceb-2958-4331-826a-d5b556827e24":{"name":"Particle System","tags":[],"enabled":true,"resource_id":"c2328ceb-2958-4331-826a-d5b556827e24","parent":"1bfdd656-6f1e-48f6-b982-51c486269b4a","children":[],"position":[0,0.48350384870544394,0],"rotation":[0,0,0],"scale":[1,1,1],"components":{"particlesystem":{"enabled":true,"autoPlay":true,"numParticles":100,"lifetime":5,"rate":0.01,"rate2":0.1,"startAngle":0,"startAngle2":0,"loop":true,"preWarm":false,"lighting":false,"halfLambert":false,"intensity":1,"depthWrite":false,"depthSoftening":0,"sort":0,"blendType":2,"stretch":0,"alignToMotion":false,"emitterShape":1,"emitterExtents":[0,0,0],"emitterExtentsInner":[0,0,0],"orientation":0,"particleNormal":[0,1,0],"emitterRadius":0,"emitterRadiusInner":0,"initialVelocity":0,"animTilesX":1,"animTilesY":1,"animStartFrame":0,"animNumFrames":1,"animNumAnimations":1,"animIndex":0,"randomizeAnimIndex":false,"animSpeed":1,"animLoop":true,"wrap":false,"wrapBounds":[0,0,0],"colorMapAsset":null,"normalMapAsset":null,"mesh":null,"renderAsset":null,"localSpace":false,"screenSpace":false,"localVelocityGraph":{"type":1,"keys":[[0,0],[0,0,0.25813953488372093,10.5],[0,-10]],"betweenCurves":false},"localVelocityGraph2":{"type":1,"keys":[[0,0],[0,0,0.25813953488372093,10.5],[0,-10]]},"velocityGraph":{"type":1,"keys":[[0,-1],[0,-1],[0,-1]],"betweenCurves":true},"velocityGraph2":{"type":1,"keys":[[0,1],[0.3744186046511628,4.375],[0,1,0.10697674418604651,5,0.40930232558139534,-2.9375]]},"rotationSpeedGraph":{"type":1,"keys":[0,0],"betweenCurves":false},"rotationSpeedGraph2":{"type":1,"keys":[0,0]},"radialSpeedGraph":{"type":1,"keys":[0,0],"betweenCurves":false},"radialSpeedGraph2":{"type":1,"keys":[0,0]},"scaleGraph":{"type":1,"keys":[0.013953488372093023,0.625],"betweenCurves":false},"scaleGraph2":{"type":1,"keys":[0.013953488372093023,0.625]},"colorGraph":{"type":0,"keys":[[0,0.23921568627450981],[0,0.22745098039215686],[0,0.22745098039215686]],"betweenCurves":false},"alphaGraph":{"type":1,"keys":[0,1,0.5325581395348837,0.050000000000000044,0.7255813953488373,0],"betweenCurves":false},"alphaGraph2":{"type":1,"keys":[0,1,0.5325581395348837,0.050000000000000044,0.7255813953488373,0]},"layers":[0]}}},"a09f0dde-c36c-49ad-9319-4167da22ca6f":{"name":"rock_largeA","tags":[],"enabled":true,"resource_id":"a09f0dde-c36c-49ad-9319-4167da22ca6f","parent":"8f3c65f0-5f22-4234-a47a-33f7dffc458d","children":[],"position":[2.978525484853658,0,0],"rotation":[0,0,0],"scale":[1,1,1],"components":{"model":{"enabled":true,"type":"asset","asset":161717168,"materialAsset":null,"castShadows":true,"castShadowsLightmap":true,"receiveShadows":true,"lightmapped":false,"lightmapSizeMultiplier":1,"castShadowsLightMap":true,"lightMapped":false,"lightMapSizeMultiplier":1,"isStatic":false,"layers":[0],"batchGroupId":null}}},"d4b4a8c7-3fe0-41ab-909c-8eb3afb2bbf0":{"name":"corridor","tags":[],"enabled":true,"resource_id":"d4b4a8c7-3fe0-41ab-909c-8eb3afb2bbf0","parent":"8f3c65f0-5f22-4234-a47a-33f7dffc458d","children":[],"position":[-0.5579822063446045,0,2.212640890286039],"rotation":[0,0,0],"scale":[2.001175559638396,1,2.4147363927845014],"components":{"model":{"enabled":true,"type":"asset","asset":159890343,"materialAsset":null,"castShadows":true,"castShadowsLightmap":true,"receiveShadows":true,"lightmapped":false,"lightmapSizeMultiplier":1,"castShadowsLightMap":true,"lightMapped":false,"lightMapSizeMultiplier":1,"isStatic":false,"layers":[0],"batchGroupId":null}}},"ba677708-db0f-4993-97be-fdaad4c0cf88":{"name":"crater","tags":[],"enabled":true,"resource_id":"ba677708-db0f-4993-97be-fdaad4c0cf88","parent":"8f3c65f0-5f22-4234-a47a-33f7dffc458d","children":[],"position":[-4.333411693572998,0,-8.136048316955566],"rotation":[0,0,0],"scale":[1,1,1],"components":{"model":{"enabled":true,"type":"asset","asset":159890493,"materialAsset":null,"castShadows":true,"castShadowsLightmap":true,"receiveShadows":true,"lightmapped":false,"lightmapSizeMultiplier":1,"castShadowsLightMap":true,"lightMapped":false,"lightMapSizeMultiplier":1,"isStatic":false,"layers":[0],"batchGroupId":null}}},"43abea19-748e-4d17-8c9a-f5698517ae4d":{"name":"machine_wireless","tags":[],"enabled":true,"resource_id":"43abea19-748e-4d17-8c9a-f5698517ae4d","parent":"8f3c65f0-5f22-4234-a47a-33f7dffc458d","children":[],"position":[-2.5140984058380127,1,0.287161260843277],"rotation":[0,0,0],"scale":[1,1,1],"components":{"model":{"enabled":true,"type":"asset","asset":161716672,"materialAsset":null,"castShadows":true,"castShadowsLightmap":true,"receiveShadows":true,"lightmapped":false,"lightmapSizeMultiplier":1,"castShadowsLightMap":true,"lightMapped":false,"lightMapSizeMultiplier":1,"isStatic":false,"layers":[0],"batchGroupId":null,"mapping":{"2":159903850}}}},"68084a1c-ef2a-41ff-80de-8ed0bb7527d8":{"name":"rock_crystalsLargeA","tags":[],"enabled":true,"resource_id":"68084a1c-ef2a-41ff-80de-8ed0bb7527d8","parent":"8f3c65f0-5f22-4234-a47a-33f7dffc458d","children":[],"position":[-8.565384793726723,0,-2.7698755264282227],"rotation":[0,0,0],"scale":[1,1,1],"components":{"model":{"enabled":true,"type":"asset","asset":161717182,"materialAsset":null,"castShadows":true,"castShadowsLightmap":true,"receiveShadows":true,"lightmapped":false,"lightmapSizeMultiplier":1,"castShadowsLightMap":true,"lightMapped":false,"lightMapSizeMultiplier":1,"isStatic":false,"layers":[0],"batchGroupId":null}}},"c59cfed5-b179-4733-a65a-7f01d88e66e7":{"name":"rocks_smallA","tags":[],"enabled":true,"resource_id":"c59cfed5-b179-4733-a65a-7f01d88e66e7","parent":"8f3c65f0-5f22-4234-a47a-33f7dffc458d","children":[],"position":[-12.161982215206047,0,1.0345298051834106],"rotation":[0,0,0],"scale":[1,1,1],"components":{"model":{"enabled":true,"type":"asset","asset":161717166,"materialAsset":null,"castShadows":true,"castShadowsLightmap":true,"receiveShadows":true,"lightmapped":false,"lightmapSizeMultiplier":1,"castShadowsLightMap":true,"lightMapped":false,"lightMapSizeMultiplier":1,"isStatic":false,"layers":[0],"batchGroupId":null}}},"6ecc858c-c615-4a55-aa75-53a4f623b885":{"name":"satelliteDish_detailed","tags":[],"enabled":true,"resource_id":"6ecc858c-c615-4a55-aa75-53a4f623b885","parent":"8f3c65f0-5f22-4234-a47a-33f7dffc458d","children":[],"position":[-4.7283735275268555,1,1.0345298051834106],"rotation":[0,0,0],"scale":[1,1,1],"components":{"model":{"enabled":true,"type":"asset","asset":161717336,"materialAsset":null,"castShadows":true,"castShadowsLightmap":true,"receiveShadows":true,"lightmapped":false,"lightmapSizeMultiplier":1,"castShadowsLightMap":true,"lightMapped":false,"lightMapSizeMultiplier":1,"isStatic":false,"layers":[0],"batchGroupId":null}}},"43e91fe8-2ed2-4ced-ba61-6a3cb26fd71a":{"name":"structure_closed","tags":[],"enabled":true,"resource_id":"43e91fe8-2ed2-4ced-ba61-6a3cb26fd71a","parent":"8f3c65f0-5f22-4234-a47a-33f7dffc458d","children":[],"position":[-6.21858549118042,0,1.034529846404375],"rotation":[0,0,0],"scale":[1,1,1],"components":{"model":{"enabled":true,"type":"asset","asset":161717357,"materialAsset":null,"castShadows":true,"castShadowsLightmap":true,"receiveShadows":true,"lightmapped":false,"lightmapSizeMultiplier":1,"castShadowsLightMap":true,"lightMapped":false,"lightMapSizeMultiplier":1,"isStatic":false,"layers":[0],"batchGroupId":null}}},"53dfeebf-0538-4ccf-8b79-a6a3dae94f3f":{"name":"rock","tags":[],"enabled":true,"resource_id":"53dfeebf-0538-4ccf-8b79-a6a3dae94f3f","parent":"8f3c65f0-5f22-4234-a47a-33f7dffc458d","children":[],"position":[-3.685493230819702,0,4.904060073314159],"rotation":[0,0,0],"scale":[1,1,1],"components":{"model":{"enabled":true,"type":"asset","asset":161717171,"materialAsset":null,"castShadows":true,"castShadowsLightmap":true,"receiveShadows":true,"lightmapped":false,"lightmapSizeMultiplier":1,"castShadowsLightMap":true,"lightMapped":false,"lightMapSizeMultiplier":1,"isStatic":false,"layers":[0],"batchGroupId":null}}},"8c506f88-af5c-45e7-8a8c-164cf68247ee":{"name":"craterLarge","tags":[],"enabled":true,"resource_id":"8c506f88-af5c-45e7-8a8c-164cf68247ee","parent":"8f3c65f0-5f22-4234-a47a-33f7dffc458d","children":[],"position":[0,0,2.76794385149575],"rotation":[0,0,0],"scale":[1,1,1],"components":{"model":{"enabled":true,"type":"asset","asset":159890446,"materialAsset":null,"castShadows":true,"castShadowsLightmap":true,"receiveShadows":true,"lightmapped":false,"lightmapSizeMultiplier":1,"castShadowsLightMap":true,"lightMapped":false,"lightMapSizeMultiplier":1,"isStatic":false,"layers":[0],"batchGroupId":null}}},"07941f66-d814-4bf3-bdb7-7fa7ccbed6df":{"name":"barrels","tags":[],"enabled":true,"resource_id":"07941f66-d814-4bf3-bdb7-7fa7ccbed6df","parent":"8f3c65f0-5f22-4234-a47a-33f7dffc458d","children":[],"position":[-2.9165992736816406,0,-0.4329846203327179],"rotation":[0,0,0],"scale":[1,1,1],"components":{"model":{"enabled":true,"type":"asset","asset":159890378,"materialAsset":null,"castShadows":true,"castShadowsLightmap":true,"receiveShadows":true,"lightmapped":false,"lightmapSizeMultiplier":1,"castShadowsLightMap":true,"lightMapped":false,"lightMapSizeMultiplier":1,"isStatic":false,"layers":[0],"batchGroupId":null}}},"53ae1efe-0b0d-4443-b025-43865cd42a6f":{"name":"meteor","tags":[],"enabled":true,"resource_id":"53ae1efe-0b0d-4443-b025-43865cd42a6f","parent":"8f3c65f0-5f22-4234-a47a-33f7dffc458d","children":[],"position":[-6.8973541259765625,-0.3545592499987111,3.587258815765381],"rotation":[0,0,0],"scale":[1,1,1],"components":{"model":{"enabled":true,"type":"asset","asset":161716646,"materialAsset":null,"castShadows":true,"castShadowsLightmap":true,"receiveShadows":true,"lightmapped":false,"lightmapSizeMultiplier":1,"castShadowsLightMap":true,"lightMapped":false,"lightMapSizeMultiplier":1,"isStatic":false,"layers":[0],"batchGroupId":null}}},"456f7568-58a2-4f54-a1f3-324948e810a6":{"name":"Text","tags":[],"enabled":true,"resource_id":"456f7568-58a2-4f54-a1f3-324948e810a6","parent":"09a92757-4009-4883-a869-03ccaf046627","children":[],"position":[-0.00005503054023847653,-21.93616151824017,0],"rotation":[0,0,0],"scale":[1,1,1],"components":{"element":{"enabled":true,"type":"text","anchor":[0.5,0.5,0.5,0.5],"pivot":[0.5,0.5],"text":"Developer:\nZotty (Jake Williamson)\n\nAssets:\nKenny.nl\n\nAudio:\nZotty (Jake Williamson)\nKenny.nl\n\nMusic:\nTitle Music | https://mixkit.co/free-stock-music/\nGame Music | N/A\nGame Over | N/A\nThank You For Playing!","key":null,"fontAsset":161748933,"fontSize":28.27,"minFontSize":8,"maxFontSize":32,"autoFitWidth":false,"autoFitHeight":false,"maxLines":null,"lineHeight":36.63,"wrapLines":true,"spacing":1,"color":[1,0,0],"opacity":1,"textureAsset":null,"spriteAsset":null,"spriteFrame":0,"pixelsPerUnit":null,"width":542.336,"height":546.804,"margin":[-239.56,-293.358,-239.56,-249.485],"alignment":[0.5,0.5],"outlineColor":[0,0,0,1],"outlineThickness":0.347,"shadowColor":[0,0,0,1],"shadowOffset":[0.055,0.378],"rect":[0,0,1,1],"materialAsset":null,"autoWidth":true,"autoHeight":true,"fitMode":"stretch","useInput":false,"batchGroupId":null,"mask":false,"layers":[4],"enableMarkup":false}}},"e315be36-9b7b-4033-8906-074fc25e67e0":{"name":"Text","tags":[],"enabled":true,"resource_id":"e315be36-9b7b-4033-8906-074fc25e67e0","parent":"09a92757-4009-4883-a869-03ccaf046627","children":[],"position":[-0.000016826153341753525,306.68964950994916,0],"rotation":[0,0,0],"scale":[1,1,1],"components":{"element":{"enabled":true,"type":"text","anchor":[0.5,0.5,0.5,0.5],"pivot":[0.5,0.5],"text":"Space Pirates","key":null,"fontAsset":161748933,"fontSize":50,"minFontSize":8,"maxFontSize":32,"autoFitWidth":false,"autoFitHeight":false,"maxLines":null,"lineHeight":32,"wrapLines":true,"spacing":1,"color":[1,1,1],"opacity":1,"textureAsset":null,"spriteAsset":null,"spriteFrame":0,"pixelsPerUnit":null,"width":142.88,"height":32,"margin":[-111.625,280.14,-111.625,-333.24],"alignment":[0.5,0.5],"outlineColor":[0,0,0,1],"outlineThickness":0,"shadowColor":[0,0,0,1],"shadowOffset":[0,0],"rect":[0,0,1,1],"materialAsset":null,"autoWidth":true,"autoHeight":true,"fitMode":"stretch","useInput":false,"batchGroupId":null,"mask":false,"layers":[4],"enableMarkup":false}}}},"created":"2024-01-08T00:02:34.727Z","id":1929343}