{"branch_id":"67cec8d9-02cc-47d2-adc6-3ebd8e0b2a33","name":"Testing","settings":{"physics":{"gravity":[0,-9.8,0]},"render":{"fog_end":1000,"fog_start":1,"global_ambient":[0.2,0.2,0.2],"fog_color":[0,0,0],"fog":"none","fog_density":0.01,"gamma_correction":1,"tonemapping":0,"exposure":1,"skybox":null,"skyType":"infinite","skyMeshPosition":[0,0,0],"skyMeshRotation":[0,0,0],"skyMeshScale":[1,1,1],"skyCenter":[0,1,0],"skyboxIntensity":1,"skyboxRotation":[0,0,0],"skyboxMip":0,"lightmapSizeMultiplier":16,"lightmapMaxResolution":2048,"lightmapMode":1,"lightmapFilterEnabled":false,"lightmapFilterRange":10,"lightmapFilterSmoothness":0.2,"ambientBake":false,"ambientBakeNumSamples":1,"ambientBakeSpherePart":0.4,"ambientBakeOcclusionBrightness":0,"ambientBakeOcclusionContrast":0,"clusteredLightingEnabled":true,"lightingCells":[10,3,10],"lightingMaxLightsPerCell":255,"lightingCookieAtlasResolution":2048,"lightingShadowAtlasResolution":2048,"lightingShadowType":0,"lightingCookiesEnabled":false,"lightingAreaLightsEnabled":false,"lightingShadowsEnabled":true}},"entities":{"475d0d0f-37e9-4cea-94b5-9912558aa953":{"name":"Root","parent":null,"resource_id":"475d0d0f-37e9-4cea-94b5-9912558aa953","tags":[],"enabled":true,"components":{},"scale":[1,1,1],"position":[0,0,0],"rotation":[0,0,0],"children":["9750d3b4-771f-40bc-b5f5-f82c2a2b8144","8d7789cd-3c7e-496b-b2b8-d9b5e04a41c2","9bc0606f-6ee5-4547-9408-3fd5ce27ac3c","c330ce07-b1b8-445d-84ce-f0ec66e4094d","d00a52c8-d2a8-4630-aef6-a5ab62488dae","3bd2a7a5-1497-4b97-8dc8-43ef0b10ebb8","e5b07901-819f-415a-8973-98e60eebfb9e","72962b73-7602-4b1c-b3a0-05d7e7aa2601","6f9c1a71-966e-4f96-aad4-7096dcafda70","e7dc8291-e1aa-4aef-a99d-9fa947a55ba7","f2647e5c-edd4-4741-97c8-3d87880de3e8","24fc539b-a23c-49db-a73a-7d0ee35306fd"]},"9750d3b4-771f-40bc-b5f5-f82c2a2b8144":{"name":"Camera","parent":"475d0d0f-37e9-4cea-94b5-9912558aa953","resource_id":"9750d3b4-771f-40bc-b5f5-f82c2a2b8144","tags":[],"enabled":true,"components":{"camera":{"fov":45,"projection":0,"clearColor":[0.118,0.118,0.118,1],"clearColorBuffer":true,"clearDepthBuffer":true,"frustumCulling":true,"enabled":true,"orthoHeight":4,"farClip":1000,"nearClip":0.1,"priority":0,"rect":[0,0,1,1],"layers":[0,1,2,3,4]}},"scale":[1,1,1],"position":[4,3.5,4],"rotation":[-30,45,0],"children":[]},"8d7789cd-3c7e-496b-b2b8-d9b5e04a41c2":{"name":"Light","parent":"475d0d0f-37e9-4cea-94b5-9912558aa953","resource_id":"8d7789cd-3c7e-496b-b2b8-d9b5e04a41c2","tags":[],"enabled":true,"components":{"light":{"enabled":true,"bake":false,"bakeNumSamples":1,"bakeArea":0,"bakeDir":true,"affectDynamic":true,"affectLightmapped":false,"isStatic":false,"color":[1,1,1],"intensity":1,"type":"directional","shadowDistance":16,"range":8,"innerConeAngle":40,"outerConeAngle":45,"shape":0,"falloffMode":0,"castShadows":true,"shadowUpdateMode":2,"shadowType":0,"shadowResolution":1024,"shadowBias":0.4,"normalOffsetBias":0.05,"vsmBlurMode":1,"vsmBlurSize":11,"vsmBias":0.01,"cookieAsset":null,"cookieIntensity":1,"cookieFalloff":true,"cookieChannel":"rgb","cookieAngle":0,"cookieScale":[1,1],"cookieOffset":[0,0],"layers":[0]}},"scale":[1,1,1],"position":[2,2,-2],"rotation":[45,135,0],"children":[]},"9bc0606f-6ee5-4547-9408-3fd5ce27ac3c":{"name":"Plane","parent":"475d0d0f-37e9-4cea-94b5-9912558aa953","resource_id":"9bc0606f-6ee5-4547-9408-3fd5ce27ac3c","tags":[],"enabled":true,"components":{"render":{"enabled":true,"type":"plane","asset":null,"materialAssets":[null],"castShadows":true,"receiveShadows":true,"lightmapped":false,"lightmapSizeMultiplier":1,"castShadowsLightmap":true,"rootBone":null,"isStatic":false,"layers":[0],"batchGroupId":null}},"scale":[8,1,8],"position":[0,0,0],"rotation":[0,0,0],"children":[]},"c330ce07-b1b8-445d-84ce-f0ec66e4094d":{"name":"Enemy","tags":[],"enabled":true,"resource_id":"c330ce07-b1b8-445d-84ce-f0ec66e4094d","parent":"475d0d0f-37e9-4cea-94b5-9912558aa953","children":[],"position":[0,0,0],"rotation":[0,0,0],"scale":[0.2,0.2,0.2],"components":{"model":{"enabled":true,"type":"asset","asset":159888477,"materialAsset":null,"castShadows":true,"castShadowsLightmap":true,"receiveShadows":true,"lightmapped":false,"lightmapSizeMultiplier":1,"castShadowsLightMap":true,"lightMapped":false,"lightMapSizeMultiplier":1,"isStatic":false,"layers":[0],"batchGroupId":null},"anim":{"stateGraphAsset":167194814,"animationAssets":{"Base:Idle":{"asset":159888493},"Base:Jump":{"asset":159888487},"Base:Run":{"asset":159888489}},"enabled":true,"speed":1,"activate":true,"playing":false,"rootBone":null,"masks":{},"normalizeWeights":false},"script":{"enabled":true,"order":["jumpInput"],"scripts":{"jumpInput":{"enabled":true,"attributes":{}}}}},"template_ent_ids":{"c330ce07-b1b8-445d-84ce-f0ec66e4094d":"edd8a0ee-65f2-4d23-a3ea-99f1a94d0e58"},"template_id":177086221},"d00a52c8-d2a8-4630-aef6-a5ab62488dae":{"name":"healthpack","tags":[],"enabled":true,"resource_id":"d00a52c8-d2a8-4630-aef6-a5ab62488dae","parent":"475d0d0f-37e9-4cea-94b5-9912558aa953","children":[],"position":[-0.7467313408851624,0.5996983788517044,0.08032979816198349],"rotation":[0,0,0],"scale":[1,1,1],"components":{"model":{"enabled":true,"type":"asset","asset":174261418,"materialAsset":null,"castShadows":true,"castShadowsLightmap":true,"receiveShadows":true,"lightmapped":false,"lightmapSizeMultiplier":1,"castShadowsLightMap":true,"lightMapped":false,"lightMapSizeMultiplier":1,"isStatic":false,"layers":[0],"batchGroupId":null}}},"3bd2a7a5-1497-4b97-8dc8-43ef0b10ebb8":{"name":"healthpack","tags":[],"enabled":true,"resource_id":"3bd2a7a5-1497-4b97-8dc8-43ef0b10ebb8","parent":"475d0d0f-37e9-4cea-94b5-9912558aa953","children":[],"position":[-1.139311115114503,0.23745520412921906,0],"rotation":[0,0,0],"scale":[1,1,1],"components":{"model":{"enabled":true,"type":"asset","asset":174261479,"materialAsset":null,"castShadows":true,"castShadowsLightmap":true,"receiveShadows":true,"lightmapped":false,"lightmapSizeMultiplier":1,"castShadowsLightMap":true,"lightMapped":false,"lightMapSizeMultiplier":1,"isStatic":false,"layers":[0],"batchGroupId":null}}},"e5b07901-819f-415a-8973-98e60eebfb9e":{"name":"ammo","tags":[],"enabled":true,"resource_id":"e5b07901-819f-415a-8973-98e60eebfb9e","parent":"475d0d0f-37e9-4cea-94b5-9912558aa953","children":[],"position":[0,0.2857631920512219,0],"rotation":[0,0,0],"scale":[1,1,1],"components":{"model":{"enabled":true,"type":"asset","asset":177087424,"materialAsset":null,"castShadows":true,"castShadowsLightmap":true,"receiveShadows":true,"lightmapped":false,"lightmapSizeMultiplier":1,"castShadowsLightMap":true,"lightMapped":false,"lightMapSizeMultiplier":1,"isStatic":false,"layers":[0],"batchGroupId":null}}},"72962b73-7602-4b1c-b3a0-05d7e7aa2601":{"name":"shield","tags":[],"enabled":true,"resource_id":"72962b73-7602-4b1c-b3a0-05d7e7aa2601","parent":"475d0d0f-37e9-4cea-94b5-9912558aa953","children":[],"position":[0,0.1492486343425331,-0.91825270652771],"rotation":[0,0,0],"scale":[1,1,1],"components":{"model":{"enabled":true,"type":"asset","asset":177087594,"materialAsset":null,"castShadows":true,"castShadowsLightmap":true,"receiveShadows":true,"lightmapped":false,"lightmapSizeMultiplier":1,"castShadowsLightMap":true,"lightMapped":false,"lightMapSizeMultiplier":1,"isStatic":false,"layers":[0],"batchGroupId":null}}},"6f9c1a71-966e-4f96-aad4-7096dcafda70":{"name":"shield","tags":[],"enabled":true,"resource_id":"6f9c1a71-966e-4f96-aad4-7096dcafda70","parent":"475d0d0f-37e9-4cea-94b5-9912558aa953","children":[],"position":[0,0.13955678045749664,0.6231732385638424],"rotation":[0,0,0],"scale":[1,1,1],"components":{"model":{"enabled":true,"type":"asset","asset":177087656,"materialAsset":null,"castShadows":true,"castShadowsLightmap":true,"receiveShadows":true,"lightmapped":false,"lightmapSizeMultiplier":1,"castShadowsLightMap":true,"lightMapped":false,"lightMapSizeMultiplier":1,"isStatic":false,"layers":[0],"batchGroupId":null,"mapping":{"0":177087658}}}},"24fc539b-a23c-49db-a73a-7d0ee35306fd":{"name":"EnemyShip","tags":[],"enabled":true,"resource_id":"24fc539b-a23c-49db-a73a-7d0ee35306fd","parent":"475d0d0f-37e9-4cea-94b5-9912558aa953","children":["2ee802e0-a9ef-40ba-8d7e-c6cfefdeb01e","39c1da4d-0463-4b69-a231-aee5a1afa7fc"],"position":[0,0,0],"rotation":[180,0,180],"scale":[1,1,1],"components":{"model":{"enabled":true,"type":"asset","asset":159890457,"materialAsset":null,"castShadows":true,"castShadowsLightmap":true,"receiveShadows":true,"lightmapped":false,"lightmapSizeMultiplier":1,"castShadowsLightMap":true,"lightMapped":false,"lightMapSizeMultiplier":1,"isStatic":false,"layers":[0],"batchGroupId":null},"collision":{"enabled":true,"type":"mesh","halfExtents":[0.5,0.5,0.5],"radius":0.5,"axis":1,"height":2,"convexHull":false,"asset":159890457,"renderAsset":null,"linearOffset":[0,0,0],"angularOffset":[0,0,0]},"script":{"enabled":true,"order":["trigger2"],"scripts":{"trigger2":{"enabled":true,"attributes":{}}}},"particlesystem":{"enabled":false,"autoPlay":true,"numParticles":300,"lifetime":1,"rate":0.5,"rate2":0.1,"startAngle":0,"startAngle2":0,"loop":true,"preWarm":false,"lighting":false,"halfLambert":false,"intensity":5,"depthWrite":false,"depthSoftening":0,"sort":0,"blendType":2,"stretch":0,"alignToMotion":false,"emitterShape":1,"emitterExtents":[0,0,0],"emitterExtentsInner":[0,0,0],"orientation":0,"particleNormal":[0,1,0],"emitterRadius":0,"emitterRadiusInner":0,"initialVelocity":0,"animTilesX":1,"animTilesY":1,"animStartFrame":0,"animNumFrames":1,"animNumAnimations":1,"animIndex":0,"randomizeAnimIndex":false,"animSpeed":1,"animLoop":true,"wrap":false,"wrapBounds":[0,0,0],"colorMapAsset":null,"normalMapAsset":null,"mesh":null,"renderAsset":null,"localSpace":false,"screenSpace":false,"localVelocityGraph":{"type":1,"keys":[[0,0],[0,0],[0,0]],"betweenCurves":false},"localVelocityGraph2":{"type":1,"keys":[[0,0],[0,0],[0,0]]},"velocityGraph":{"type":1,"keys":[[0,-1],[0,-1],[0,-1]],"betweenCurves":true},"velocityGraph2":{"type":1,"keys":[[0,1],[0,1],[0,1]]},"rotationSpeedGraph":{"type":1,"keys":[0,0],"betweenCurves":false},"rotationSpeedGraph2":{"type":1,"keys":[0,0]},"radialSpeedGraph":{"type":1,"keys":[0,0],"betweenCurves":false},"radialSpeedGraph2":{"type":1,"keys":[0,0]},"scaleGraph":{"type":1,"keys":[0,0.1],"betweenCurves":false},"scaleGraph2":{"type":1,"keys":[0,0.1]},"colorGraph":{"type":4,"keys":[[0,1],[0,1],[0,1]],"betweenCurves":false},"alphaGraph":{"type":1,"keys":[0,1],"betweenCurves":false},"alphaGraph2":{"type":1,"keys":[0,1]},"layers":[0]}},"template_ent_ids":{"24fc539b-a23c-49db-a73a-7d0ee35306fd":"9b8dbfca-7417-44e5-8e65-11e21c997eb7","39c1da4d-0463-4b69-a231-aee5a1afa7fc":"22f15252-c28c-42f1-ac5d-70a4a2506e57"},"template_id":182464190},"2ee802e0-a9ef-40ba-8d7e-c6cfefdeb01e":{"name":"Particle System","tags":[],"enabled":true,"resource_id":"2ee802e0-a9ef-40ba-8d7e-c6cfefdeb01e","parent":"24fc539b-a23c-49db-a73a-7d0ee35306fd","children":[],"position":[-1.9504618644714355,0.20502465239493606,-2.5518596172332764],"rotation":[0,0,0],"scale":[1,1,1],"components":{"particlesystem":{"enabled":true,"autoPlay":true,"numParticles":30,"lifetime":5,"rate":0.1,"rate2":0.1,"startAngle":0,"startAngle2":0,"loop":true,"preWarm":false,"lighting":false,"halfLambert":false,"intensity":1,"depthWrite":false,"depthSoftening":0,"sort":0,"blendType":2,"stretch":0,"alignToMotion":false,"emitterShape":1,"emitterExtents":[0,0,0],"emitterExtentsInner":[0,0,0],"orientation":0,"particleNormal":[0,1,0],"emitterRadius":0,"emitterRadiusInner":0,"initialVelocity":0,"animTilesX":1,"animTilesY":1,"animStartFrame":0,"animNumFrames":1,"animNumAnimations":1,"animIndex":0,"randomizeAnimIndex":false,"animSpeed":1,"animLoop":true,"wrap":false,"wrapBounds":[0,0,0],"colorMapAsset":null,"normalMapAsset":null,"mesh":null,"renderAsset":null,"localSpace":false,"screenSpace":false,"localVelocityGraph":{"type":1,"keys":[[0,0],[0,0],[0,0]],"betweenCurves":false},"localVelocityGraph2":{"type":1,"keys":[[0,0],[0,0],[0,0]]},"velocityGraph":{"type":0,"keys":[[0,-1,0,-1],[0,-1,0.25116279069767444,-0.9375],[0,-1,0.8255813953488372,0.75]],"betweenCurves":true},"velocityGraph2":{"type":0,"keys":[[0,1],[0,1],[0,1]]},"rotationSpeedGraph":{"type":1,"keys":[0,0],"betweenCurves":false},"rotationSpeedGraph2":{"type":1,"keys":[0,0]},"radialSpeedGraph":{"type":1,"keys":[0,0],"betweenCurves":false},"radialSpeedGraph2":{"type":1,"keys":[0,0]},"scaleGraph":{"type":1,"keys":[0,0.1],"betweenCurves":false},"scaleGraph2":{"type":1,"keys":[0,0.1]},"colorGraph":{"type":4,"keys":[[0,1,0.31213872832369943,0.9372549019607843,0.8410404624277457,0.01568627450980392],[0,0,0.31213872832369943,0.27058823529411763,0.8410404624277457,0.011764705882352941],[0,0,0.31213872832369943,0.047058823529411764,0.8410404624277457,0]],"betweenCurves":false},"alphaGraph":{"type":1,"keys":[0,1],"betweenCurves":false},"alphaGraph2":{"type":1,"keys":[0,1]},"layers":[0]}}},"f2647e5c-edd4-4741-97c8-3d87880de3e8":{"name":"EnemyShip2","tags":[],"enabled":true,"resource_id":"f2647e5c-edd4-4741-97c8-3d87880de3e8","parent":"475d0d0f-37e9-4cea-94b5-9912558aa953","children":["d800742c-e774-47c7-bd0b-c6e8a32322d8"],"position":[0,0.42885352201491234,0],"rotation":[0,-8.592990437233941e-31,0],"scale":[1,1,1],"components":{"model":{"enabled":true,"type":"asset","asset":159890457,"materialAsset":null,"castShadows":true,"castShadowsLightmap":true,"receiveShadows":true,"lightmapped":false,"lightmapSizeMultiplier":1,"castShadowsLightMap":true,"lightMapped":false,"lightMapSizeMultiplier":1,"isStatic":false,"layers":[0],"batchGroupId":null},"collision":{"enabled":true,"type":"mesh","halfExtents":[0.5,0.5,0.5],"radius":0.5,"axis":1,"height":2,"convexHull":false,"asset":159890457,"renderAsset":null,"linearOffset":[0,0,0],"angularOffset":[0,0,0]},"script":{"enabled":true,"order":["trigger2"],"scripts":{"trigger2":{"enabled":true,"attributes":{}}}},"particlesystem":{"enabled":false,"autoPlay":true,"numParticles":300,"lifetime":1,"rate":0.5,"rate2":0.1,"startAngle":0,"startAngle2":0,"loop":true,"preWarm":false,"lighting":false,"halfLambert":false,"intensity":5,"depthWrite":false,"depthSoftening":0,"sort":0,"blendType":2,"stretch":0,"alignToMotion":false,"emitterShape":1,"emitterExtents":[0,0,0],"emitterExtentsInner":[0,0,0],"orientation":0,"particleNormal":[0,1,0],"emitterRadius":0,"emitterRadiusInner":0,"initialVelocity":0,"animTilesX":1,"animTilesY":1,"animStartFrame":0,"animNumFrames":1,"animNumAnimations":1,"animIndex":0,"randomizeAnimIndex":false,"animSpeed":1,"animLoop":true,"wrap":false,"wrapBounds":[0,0,0],"colorMapAsset":null,"normalMapAsset":null,"mesh":null,"renderAsset":null,"localSpace":false,"screenSpace":false,"localVelocityGraph":{"type":1,"keys":[[0,0],[0,0],[0,0]],"betweenCurves":false},"localVelocityGraph2":{"type":1,"keys":[[0,0],[0,0],[0,0]]},"velocityGraph":{"type":1,"keys":[[0,-1],[0,-1],[0,-1]],"betweenCurves":true},"velocityGraph2":{"type":1,"keys":[[0,1],[0,1],[0,1]]},"rotationSpeedGraph":{"type":1,"keys":[0,0],"betweenCurves":false},"rotationSpeedGraph2":{"type":1,"keys":[0,0]},"radialSpeedGraph":{"type":1,"keys":[0,0],"betweenCurves":false},"radialSpeedGraph2":{"type":1,"keys":[0,0]},"scaleGraph":{"type":1,"keys":[0,0.1],"betweenCurves":false},"scaleGraph2":{"type":1,"keys":[0,0.1]},"colorGraph":{"type":4,"keys":[[0,1],[0,1],[0,1]],"betweenCurves":false},"alphaGraph":{"type":1,"keys":[0,1],"betweenCurves":false},"alphaGraph2":{"type":1,"keys":[0,1]},"layers":[0]}},"template_id":182464190,"template_ent_ids":{"f2647e5c-edd4-4741-97c8-3d87880de3e8":"9b8dbfca-7417-44e5-8e65-11e21c997eb7","d800742c-e774-47c7-bd0b-c6e8a32322d8":"22f15252-c28c-42f1-ac5d-70a4a2506e57"}},"d800742c-e774-47c7-bd0b-c6e8a32322d8":{"name":"Particle System","tags":[],"enabled":true,"resource_id":"d800742c-e774-47c7-bd0b-c6e8a32322d8","parent":"f2647e5c-edd4-4741-97c8-3d87880de3e8","children":[],"position":[-1.9504618644714355,0.20502465239493606,-2.5518596172332764],"rotation":[0,0,0],"scale":[1,1,1],"components":{"particlesystem":{"enabled":true,"autoPlay":true,"numParticles":30,"lifetime":5,"rate":0.1,"rate2":0.1,"startAngle":0,"startAngle2":0,"loop":true,"preWarm":false,"lighting":false,"halfLambert":false,"intensity":1,"depthWrite":false,"depthSoftening":0,"sort":0,"blendType":2,"stretch":0,"alignToMotion":false,"emitterShape":1,"emitterExtents":[0,0,0],"emitterExtentsInner":[0,0,0],"orientation":0,"particleNormal":[0,1,0],"emitterRadius":0,"emitterRadiusInner":0,"initialVelocity":0,"animTilesX":1,"animTilesY":1,"animStartFrame":0,"animNumFrames":1,"animNumAnimations":1,"animIndex":0,"randomizeAnimIndex":false,"animSpeed":1,"animLoop":true,"wrap":false,"wrapBounds":[0,0,0],"colorMapAsset":null,"normalMapAsset":null,"mesh":null,"renderAsset":null,"localSpace":false,"screenSpace":false,"localVelocityGraph":{"type":1,"keys":[[0,0],[0,0],[0,0]],"betweenCurves":false},"localVelocityGraph2":{"type":1,"keys":[[0,0],[0,0],[0,0]]},"velocityGraph":{"type":0,"keys":[[0,-1,0,-1],[0,-1,0.25116279069767444,-0.9375],[0,-1,0.8255813953488372,0.75]],"betweenCurves":true},"velocityGraph2":{"type":0,"keys":[[0,1],[0,1],[0,1]]},"rotationSpeedGraph":{"type":1,"keys":[0,0],"betweenCurves":false},"rotationSpeedGraph2":{"type":1,"keys":[0,0]},"radialSpeedGraph":{"type":1,"keys":[0,0],"betweenCurves":false},"radialSpeedGraph2":{"type":1,"keys":[0,0]},"scaleGraph":{"type":1,"keys":[0,0.1],"betweenCurves":false},"scaleGraph2":{"type":1,"keys":[0,0.1]},"colorGraph":{"type":4,"keys":[[0,1,0.31213872832369943,0.9372549019607843,0.8410404624277457,0.01568627450980392],[0,0,0.31213872832369943,0.27058823529411763,0.8410404624277457,0.011764705882352941],[0,0,0.31213872832369943,0.047058823529411764,0.8410404624277457,0]],"betweenCurves":false},"alphaGraph":{"type":1,"keys":[0,1],"betweenCurves":false},"alphaGraph2":{"type":1,"keys":[0,1]},"layers":[0]}}},"e7dc8291-e1aa-4aef-a99d-9fa947a55ba7":{"name":"EnemyProjecticle1","tags":[],"enabled":true,"resource_id":"e7dc8291-e1aa-4aef-a99d-9fa947a55ba7","parent":"475d0d0f-37e9-4cea-94b5-9912558aa953","children":[],"position":[-1.929294228553772,0.521133542060852,-0.9389408826828003],"rotation":[-94.30000010169444,6.756517932928802e-39,2.7196663178844865e-39],"scale":[0.2,0.2,0.2],"components":{"render":{"enabled":true,"type":"capsule","asset":null,"materialAssets":[159948991],"layers":[0],"batchGroupId":null,"castShadows":true,"castShadowsLightmap":true,"receiveShadows":true,"lightmapped":false,"lightmapSizeMultiplier":1,"castShadowsLightMap":true,"lightMapped":false,"lightMapSizeMultiplier":1,"isStatic":false,"rootBone":null},"collision":{"enabled":true,"type":"capsule","halfExtents":[0.5,0.5,0.5],"radius":0.1,"axis":1,"height":0.4,"asset":null,"renderAsset":null,"linearOffset":[0,0,0],"angularOffset":[0,0,0]},"script":{"enabled":true,"order":["EnemyLaser"],"scripts":{"EnemyLaser":{"enabled":true,"attributes":{}}}},"sound":{"enabled":true,"volume":1,"pitch":1,"positional":true,"refDistance":1,"maxDistance":10000,"rollOffFactor":1,"distanceModel":"linear","slots":{"1":{"name":"Slot 1","loop":false,"autoPlay":true,"overlap":false,"asset":159904019,"startTime":3,"duration":null,"volume":1,"pitch":1}}}},"template_ent_ids":{"e7dc8291-e1aa-4aef-a99d-9fa947a55ba7":"c787880f-5643-44e9-87a0-641c622cf84b"},"template_id":159950088},"39c1da4d-0463-4b69-a231-aee5a1afa7fc":{"name":"Particle System","tags":[],"enabled":true,"resource_id":"39c1da4d-0463-4b69-a231-aee5a1afa7fc","parent":"24fc539b-a23c-49db-a73a-7d0ee35306fd","children":[],"position":[-1.9504618644714355,0.20502465239493606,-2.5518596172332764],"rotation":[0,0,0],"scale":[1,1,1],"components":{"particlesystem":{"enabled":true,"autoPlay":true,"numParticles":30,"lifetime":5,"rate":0.1,"rate2":0.1,"startAngle":0,"startAngle2":0,"loop":true,"preWarm":false,"lighting":false,"halfLambert":false,"intensity":1,"depthWrite":false,"depthSoftening":0,"sort":0,"blendType":2,"stretch":0,"alignToMotion":false,"emitterShape":1,"emitterExtents":[0,0,0],"emitterExtentsInner":[0,0,0],"orientation":0,"particleNormal":[0,1,0],"emitterRadius":0,"emitterRadiusInner":0,"initialVelocity":0,"animTilesX":1,"animTilesY":1,"animStartFrame":0,"animNumFrames":1,"animNumAnimations":1,"animIndex":0,"randomizeAnimIndex":false,"animSpeed":1,"animLoop":true,"wrap":false,"wrapBounds":[0,0,0],"colorMapAsset":null,"normalMapAsset":null,"mesh":null,"renderAsset":null,"localSpace":false,"screenSpace":false,"localVelocityGraph":{"type":1,"keys":[[0,0],[0,0],[0,0]],"betweenCurves":false},"localVelocityGraph2":{"type":1,"keys":[[0,0],[0,0],[0,0]]},"velocityGraph":{"type":0,"keys":[[0,-1,0,-1],[0,-1,0.25116279069767444,-0.9375],[0,-1,0.8255813953488372,0.75]],"betweenCurves":true},"velocityGraph2":{"type":0,"keys":[[0,1],[0,1],[0,1]]},"rotationSpeedGraph":{"type":1,"keys":[0,0],"betweenCurves":false},"rotationSpeedGraph2":{"type":1,"keys":[0,0]},"radialSpeedGraph":{"type":1,"keys":[0,0],"betweenCurves":false},"radialSpeedGraph2":{"type":1,"keys":[0,0]},"scaleGraph":{"type":1,"keys":[0,0.1],"betweenCurves":false},"scaleGraph2":{"type":1,"keys":[0,0.1]},"colorGraph":{"type":4,"keys":[[0,1,0.31213872832369943,0.9372549019607843,0.8410404624277457,0.01568627450980392],[0,0,0.31213872832369943,0.27058823529411763,0.8410404624277457,0.011764705882352941],[0,0,0.31213872832369943,0.047058823529411764,0.8410404624277457,0]],"betweenCurves":false},"alphaGraph":{"type":1,"keys":[0,1],"betweenCurves":false},"alphaGraph2":{"type":1,"keys":[0,1]},"layers":[0]}}}},"created":"2024-02-12T15:35:00.217Z","id":1949851}