{"branch_id":"67cec8d9-02cc-47d2-adc6-3ebd8e0b2a33","name":"Game Over","settings":{"physics":{"gravity":[0,-9.8,0]},"render":{"fog_end":1000,"fog_start":1,"global_ambient":[0.2,0.2,0.2],"fog_color":[0,0,0],"fog":"none","fog_density":0.01,"gamma_correction":1,"tonemapping":0,"exposure":1,"skybox":null,"skyType":"infinite","skyMeshPosition":[0,0,0],"skyMeshRotation":[0,0,0],"skyMeshScale":[100,100,100],"skyCenter":[0,0.1,0],"skyboxIntensity":1,"skyboxRotation":[0,0,0],"skyboxMip":0,"lightmapSizeMultiplier":16,"lightmapMaxResolution":2048,"lightmapMode":1,"lightmapFilterEnabled":false,"lightmapFilterRange":10,"lightmapFilterSmoothness":0.2,"ambientBake":false,"ambientBakeNumSamples":1,"ambientBakeSpherePart":0.4,"ambientBakeOcclusionBrightness":0,"ambientBakeOcclusionContrast":0,"clusteredLightingEnabled":true,"lightingCells":[10,3,10],"lightingMaxLightsPerCell":255,"lightingCookieAtlasResolution":2048,"lightingShadowAtlasResolution":2048,"lightingShadowType":0,"lightingCookiesEnabled":false,"lightingAreaLightsEnabled":false,"lightingShadowsEnabled":true}},"entities":{"110b7149-2ee9-46fd-a71b-b5940483a380":{"name":"Root","parent":null,"resource_id":"110b7149-2ee9-46fd-a71b-b5940483a380","tags":[],"enabled":true,"components":{},"scale":[1,1,1],"position":[0,0,0],"rotation":[0,0,0],"children":["cab4e80a-48ea-45b7-85a3-713ce7ea2f6e","da23552b-d140-450c-b52a-6a5cb67f7ade"]},"cab4e80a-48ea-45b7-85a3-713ce7ea2f6e":{"name":"Camera","parent":"110b7149-2ee9-46fd-a71b-b5940483a380","resource_id":"cab4e80a-48ea-45b7-85a3-713ce7ea2f6e","tags":[],"enabled":true,"components":{"camera":{"fov":45,"projection":0,"clearColor":[0.118,0.118,0.118,1],"clearColorBuffer":true,"clearDepthBuffer":true,"frustumCulling":true,"enabled":true,"orthoHeight":4,"farClip":1000,"nearClip":0.1,"priority":0,"rect":[0,0,1,1],"layers":[0,1,2,3,4]}},"scale":[1,1,1],"position":[4,3.5,4],"rotation":[-30,45,0],"children":["520a6010-927a-4bde-aede-66b4870bae9f"]},"da23552b-d140-450c-b52a-6a5cb67f7ade":{"name":"Light","parent":"110b7149-2ee9-46fd-a71b-b5940483a380","resource_id":"da23552b-d140-450c-b52a-6a5cb67f7ade","tags":[],"enabled":true,"components":{"light":{"enabled":true,"bake":false,"bakeNumSamples":1,"bakeArea":0,"bakeDir":true,"affectDynamic":true,"affectLightmapped":false,"isStatic":false,"color":[1,1,1],"intensity":1,"type":"directional","shadowDistance":16,"range":8,"innerConeAngle":40,"outerConeAngle":45,"shape":0,"falloffMode":0,"castShadows":true,"shadowUpdateMode":2,"shadowType":0,"shadowResolution":1024,"shadowBias":0.4,"normalOffsetBias":0.05,"vsmBlurMode":1,"vsmBlurSize":11,"vsmBias":0.01,"cookieAsset":null,"cookieIntensity":1,"cookieFalloff":true,"cookieChannel":"rgb","cookieAngle":0,"cookieScale":[1,1],"cookieOffset":[0,0],"layers":[0]}},"scale":[1,1,1],"position":[2,2,-2],"rotation":[45,135,0],"children":[]},"520a6010-927a-4bde-aede-66b4870bae9f":{"name":"2D Screen","tags":[],"enabled":true,"resource_id":"520a6010-927a-4bde-aede-66b4870bae9f","parent":"cab4e80a-48ea-45b7-85a3-713ce7ea2f6e","children":["3600a069-8084-46b9-a90a-e2b5cac8d33d","c8d205e6-24a6-46b9-a6ac-edc7424daa67"],"position":[0,0,0],"rotation":[0,0,0],"scale":[1,1,1],"components":{"screen":{"enabled":true,"screenSpace":true,"scaleMode":"blend","scaleBlend":0.5,"resolution":[1280,720],"referenceResolution":[1280,720],"priority":0},"script":{"enabled":true,"order":["playAgain"],"scripts":{"playAgain":{"enabled":true,"attributes":{}}}}}},"3600a069-8084-46b9-a90a-e2b5cac8d33d":{"name":"Text","tags":[],"enabled":true,"resource_id":"3600a069-8084-46b9-a90a-e2b5cac8d33d","parent":"520a6010-927a-4bde-aede-66b4870bae9f","children":[],"position":[0,0,0],"rotation":[0,0,0],"scale":[1,1,1],"components":{"element":{"enabled":true,"type":"text","anchor":[0.5,0.5,0.5,0.5],"pivot":[0.5,0.5],"text":"GAME OVER!","key":null,"fontAsset":161748933,"fontSize":150,"minFontSize":8,"maxFontSize":32,"autoFitWidth":false,"autoFitHeight":false,"maxLines":null,"lineHeight":150,"wrapLines":true,"spacing":1.1,"color":[1,0,0],"opacity":1,"textureAsset":null,"spriteAsset":null,"spriteFrame":0,"pixelsPerUnit":null,"width":595.485,"height":159.3,"margin":[-297.743,-79.65,-297.743,-79.65],"alignment":[0.5,0.5],"outlineColor":[0,0,0,1],"outlineThickness":1,"shadowColor":[0,0,0,1],"shadowOffset":[0.02,0],"rect":[0,0,1,1],"materialAsset":null,"autoWidth":true,"autoHeight":true,"fitMode":"stretch","useInput":false,"batchGroupId":null,"mask":false,"layers":[4],"enableMarkup":false}}},"c8d205e6-24a6-46b9-a6ac-edc7424daa67":{"name":"Text","tags":[],"enabled":true,"resource_id":"c8d205e6-24a6-46b9-a6ac-edc7424daa67","parent":"520a6010-927a-4bde-aede-66b4870bae9f","children":[],"position":[0,37.172,-31.747],"rotation":[0,0,0],"scale":[1,1,1],"components":{"element":{"enabled":true,"type":"text","anchor":[0.5,0.244,0.5,0.5],"pivot":[0.5,0.5],"text":"Press space to restart.","key":null,"fontAsset":161748933,"fontSize":32,"minFontSize":8,"maxFontSize":32,"autoFitWidth":false,"autoFitHeight":false,"maxLines":null,"lineHeight":32,"wrapLines":true,"spacing":1,"color":[1,1,1],"opacity":1,"textureAsset":null,"spriteAsset":null,"spriteFrame":0,"pixelsPerUnit":null,"width":247.84,"height":218.304,"margin":[-123.92,-71.98,-123.92,37.996],"alignment":[0.5,0.5],"outlineColor":[0,0,0,1],"outlineThickness":0,"shadowColor":[0,0,0,1],"shadowOffset":[0,0],"rect":[0,0,1,1],"materialAsset":null,"autoWidth":true,"autoHeight":true,"fitMode":"stretch","useInput":false,"batchGroupId":null,"mask":false,"layers":[4],"enableMarkup":false}}}},"created":"2024-05-30T01:37:06.767Z","id":2010204}