{"branch_id":"67cec8d9-02cc-47d2-adc6-3ebd8e0b2a33","name":"Intro","settings":{"physics":{"gravity":[0,-9.8,0]},"render":{"fog_end":1000,"fog_start":1,"global_ambient":[0.2,0.2,0.2],"fog_color":[0,0,0],"fog":"none","fog_density":0.01,"gamma_correction":1,"tonemapping":0,"exposure":1,"skybox":null,"skyboxIntensity":1,"skyboxRotation":[0,0,0],"skyboxMip":0,"lightmapSizeMultiplier":16,"lightmapMaxResolution":2048,"lightmapMode":1,"lightmapFilterEnabled":false,"lightmapFilterRange":10,"lightmapFilterSmoothness":0.2,"ambientBake":false,"ambientBakeNumSamples":1,"ambientBakeSpherePart":0.4,"ambientBakeOcclusionBrightness":0,"ambientBakeOcclusionContrast":0,"clusteredLightingEnabled":true,"lightingCells":[10,3,10],"lightingMaxLightsPerCell":255,"lightingCookieAtlasResolution":2048,"lightingShadowAtlasResolution":2048,"lightingShadowType":0,"lightingCookiesEnabled":false,"lightingAreaLightsEnabled":false,"lightingShadowsEnabled":true,"skyType":"infinite","skyMeshPosition":[0,0,0],"skyMeshRotation":[0,0,0],"skyMeshScale":[100,100,100],"skyCenter":[0,0.1,0]}},"entities":{"1ced27b8-4d44-4129-8c71-84500422476a":{"name":"Root","parent":null,"resource_id":"1ced27b8-4d44-4129-8c71-84500422476a","tags":[],"enabled":true,"components":{},"scale":[1,1,1],"position":[0,0,0],"rotation":[0,0,0],"children":["117bd234-7e9f-44ed-9d8d-c53d33dd411b","c302d9ea-f88d-4e00-a1ed-abf37c6e9dc3","33bd44bd-955c-411b-a7bc-d45671b73884","ea662a8d-a7da-4b87-9802-5dd221a3689a","ba76b036-c7b5-4f4e-b5c5-3590e6f2a4a1","fb695d18-2be2-4f85-b880-eec62cf8d9d2"]},"117bd234-7e9f-44ed-9d8d-c53d33dd411b":{"name":"Camera","parent":"1ced27b8-4d44-4129-8c71-84500422476a","resource_id":"117bd234-7e9f-44ed-9d8d-c53d33dd411b","tags":[],"enabled":true,"components":{"camera":{"fov":45,"projection":0,"clearColor":[0.118,0.118,0.118,1],"clearColorBuffer":true,"clearDepthBuffer":true,"frustumCulling":true,"enabled":true,"orthoHeight":4,"farClip":1000,"nearClip":0.1,"priority":0,"rect":[0,0,1,1],"layers":[0,1,2,3,4]}},"scale":[1,1,1],"position":[3.4662249088287496,4.451742649078376,3.238527059555075],"rotation":[-24.199999056620534,47.000000196239654,4.793731832132196e-7],"children":["87c934bf-ed50-4787-970a-06ad96c8b225"]},"87c934bf-ed50-4787-970a-06ad96c8b225":{"name":"2D Screen","tags":[],"enabled":true,"resource_id":"87c934bf-ed50-4787-970a-06ad96c8b225","parent":"117bd234-7e9f-44ed-9d8d-c53d33dd411b","children":["270fd88f-695f-4cb2-8a65-a5283485437e","460fe50d-72ac-4957-8116-286bf7eee984"],"position":[0,0,0],"rotation":[0,0,0],"scale":[1,1,1],"components":{"screen":{"enabled":true,"screenSpace":true,"scaleMode":"blend","scaleBlend":0.5,"resolution":[1280,720],"referenceResolution":[1280,720],"priority":0}}},"270fd88f-695f-4cb2-8a65-a5283485437e":{"name":"EnemyChatBox","tags":[],"enabled":true,"resource_id":"270fd88f-695f-4cb2-8a65-a5283485437e","parent":"87c934bf-ed50-4787-970a-06ad96c8b225","children":["c08f7a0f-43a4-425e-8ee5-fdedc16c8e16"],"position":[0,0,0],"rotation":[0,0,0],"scale":[1,1,1],"components":{"element":{"enabled":true,"type":"image","anchor":[1,0,1,0],"pivot":[1,0],"text":"","key":null,"fontAsset":161748933,"fontSize":32,"minFontSize":8,"maxFontSize":32,"autoFitWidth":false,"autoFitHeight":false,"maxLines":null,"lineHeight":32,"wrapLines":true,"spacing":1,"color":[1,1,1],"opacity":1,"textureAsset":177067736,"spriteAsset":null,"spriteFrame":0,"pixelsPerUnit":null,"width":407.04034626529454,"height":288.2131101239415,"margin":[-407.04,0,0,-288.213],"alignment":[0.5,0.5],"outlineColor":[0,0,0,1],"outlineThickness":0,"shadowColor":[0,0,0,1],"shadowOffset":[0,0],"rect":[0,0,1,1],"materialAsset":null,"autoWidth":false,"autoHeight":false,"fitMode":"stretch","useInput":false,"batchGroupId":null,"mask":false,"layers":[4],"enableMarkup":false}}},"460fe50d-72ac-4957-8116-286bf7eee984":{"name":"ChatBox","tags":[],"enabled":true,"resource_id":"460fe50d-72ac-4957-8116-286bf7eee984","parent":"87c934bf-ed50-4787-970a-06ad96c8b225","children":["b18c1e84-503b-4b6c-b178-e2331b05ffce"],"position":[0,0,0],"rotation":[8.276074308844047e-32,5.963540026105784e-15,1.5902773402948758e-15],"scale":[1,1,1],"components":{"element":{"enabled":true,"type":"image","anchor":[0,0,0,0],"pivot":[0,0],"text":"","key":null,"fontAsset":161748933,"fontSize":32,"minFontSize":8,"maxFontSize":32,"autoFitWidth":false,"autoFitHeight":false,"maxLines":null,"lineHeight":32,"wrapLines":true,"spacing":1,"color":[1,1,1],"opacity":1,"textureAsset":177067736,"spriteAsset":null,"spriteFrame":0,"pixelsPerUnit":null,"width":407.04,"height":288.213,"margin":[0,0,-407.04,-288.213],"alignment":[0.5,0.5],"outlineColor":[0,0,0,1],"outlineThickness":0,"shadowColor":[0,0,0,1],"shadowOffset":[0,0],"rect":[0,0,1,1],"materialAsset":null,"autoWidth":false,"autoHeight":false,"fitMode":"stretch","useInput":false,"batchGroupId":null,"mask":false,"layers":[4],"enableMarkup":false}}},"c08f7a0f-43a4-425e-8ee5-fdedc16c8e16":{"name":"Text","tags":[],"enabled":true,"resource_id":"c08f7a0f-43a4-425e-8ee5-fdedc16c8e16","parent":"270fd88f-695f-4cb2-8a65-a5283485437e","children":[],"position":[0,30,0],"rotation":[0,0,0],"scale":[1,1,1],"components":{"element":{"enabled":true,"type":"text","anchor":[0.5,0.5,0.5,0.5],"pivot":[0.5,0.5],"text":"Saw: Why does it matter? No one is strong enough to stop me, I shall do as I please. Stay back you weak raider.","key":null,"fontAsset":161748933,"fontSize":32,"minFontSize":8,"maxFontSize":32,"autoFitWidth":false,"autoFitHeight":false,"maxLines":null,"lineHeight":32,"wrapLines":true,"spacing":1,"color":[1,1,1],"opacity":1,"textureAsset":null,"spriteAsset":null,"spriteFrame":0,"pixelsPerUnit":null,"width":300,"height":32,"margin":[-150,-50.992,-150,-110.992],"alignment":[0.5,0.5],"outlineColor":[1,0,0,1],"outlineThickness":0.103,"shadowColor":[0,0,0,1],"shadowOffset":[0,0],"rect":[0,0,1,1],"materialAsset":null,"autoWidth":false,"autoHeight":true,"fitMode":"stretch","useInput":false,"batchGroupId":null,"mask":false,"layers":[4],"enableMarkup":false}}},"b18c1e84-503b-4b6c-b178-e2331b05ffce":{"name":"HeroIntroduction","tags":[],"enabled":true,"resource_id":"b18c1e84-503b-4b6c-b178-e2331b05ffce","parent":"460fe50d-72ac-4957-8116-286bf7eee984","children":[],"position":[0,30,0],"rotation":[0,0,0],"scale":[1,1,1],"components":{"element":{"enabled":true,"type":"text","anchor":[0.5,0.5,0.5,0.5],"pivot":[0.5,0.5],"text":"Hero: Saw! Why do you go around stealing from all of these innocent travelers? Have you no better way to acquire satisfaction?","key":null,"fontAsset":161748933,"fontSize":32,"minFontSize":8,"maxFontSize":32,"autoFitWidth":false,"autoFitHeight":false,"maxLines":null,"lineHeight":32,"wrapLines":true,"spacing":1,"color":[1,1,1],"opacity":1,"textureAsset":null,"spriteAsset":null,"spriteFrame":0,"pixelsPerUnit":null,"width":300,"height":32,"margin":[-150,-66.992,-150,-126.992],"alignment":[0.5,0.5],"outlineColor":[0.050980392156862744,0.9176470588235294,0.12156862745098039,1],"outlineThickness":0.103,"shadowColor":[0,0,0,1],"shadowOffset":[0,0],"rect":[0,0,1,1],"materialAsset":null,"autoWidth":false,"autoHeight":true,"fitMode":"stretch","useInput":false,"batchGroupId":null,"mask":false,"layers":[4],"enableMarkup":false}}},"c302d9ea-f88d-4e00-a1ed-abf37c6e9dc3":{"name":"Hero","tags":[],"enabled":true,"resource_id":"c302d9ea-f88d-4e00-a1ed-abf37c6e9dc3","parent":"1ced27b8-4d44-4129-8c71-84500422476a","children":["0602e097-b21f-43e5-b7f0-92ef24710373"],"position":[-1.91743004322052,0,2.428990364074707],"rotation":[9.729436381721537e-12,87.6962985185553,0.000026874552877503684],"scale":[1,1,1],"components":{"model":{"enabled":true,"type":"asset","asset":159888477,"materialAsset":null,"castShadows":true,"castShadowsLightmap":true,"receiveShadows":true,"lightmapped":false,"lightmapSizeMultiplier":1,"castShadowsLightMap":true,"lightMapped":false,"lightMapSizeMultiplier":1,"isStatic":false,"layers":[0],"batchGroupId":null,"mapping":{"0":159888478}},"anim":{"stateGraphAsset":167194814,"animationAssets":{"Base:Idle":{"asset":159888493},"Base:Jump":{"asset":159888487},"Base:Run":{"asset":159888489}},"enabled":true,"speed":1,"activate":true,"playing":false,"rootBone":null,"masks":{},"normalizeWeights":false},"script":{"enabled":true,"order":[],"scripts":{}}},"template_ent_ids":{"c302d9ea-f88d-4e00-a1ed-abf37c6e9dc3":"b1f1a656-755b-4fae-bc18-4a87ae782f37"},"template_id":159888864},"33bd44bd-955c-411b-a7bc-d45671b73884":{"name":"Enemy","tags":[],"enabled":true,"resource_id":"33bd44bd-955c-411b-a7bc-d45671b73884","parent":"1ced27b8-4d44-4129-8c71-84500422476a","children":["fb6a2bfc-75e2-4c0e-a6b1-1dc782548cab"],"position":[1.947988510131836,0.25,-1.7747840881347656],"rotation":[-1.0524147950567996e-31,-3.0159228116788848,2.0002764180575032e-30],"scale":[1.25,1.05,1.05],"components":{"model":{"enabled":true,"type":"asset","asset":159888477,"materialAsset":null,"castShadows":true,"castShadowsLightmap":true,"receiveShadows":true,"lightmapped":false,"lightmapSizeMultiplier":1,"castShadowsLightMap":true,"lightMapped":false,"lightMapSizeMultiplier":1,"isStatic":false,"layers":[0],"batchGroupId":null,"mapping":{"0":159897233}},"anim":{"stateGraphAsset":167194814,"animationAssets":{"Base:Idle":{"asset":159888487},"Base:Jump":{"asset":159888487},"Base:Run":{"asset":159888489}},"enabled":true,"speed":1,"activate":true,"playing":false,"rootBone":null,"masks":{},"normalizeWeights":false},"script":{"enabled":true,"order":["jumpInput"],"scripts":{"jumpInput":{"enabled":true,"attributes":{}}}}},"template_ent_ids":{"33bd44bd-955c-411b-a7bc-d45671b73884":"edd8a0ee-65f2-4d23-a3ea-99f1a94d0e58"},"template_id":177086221},"ea662a8d-a7da-4b87-9802-5dd221a3689a":{"name":"hangar_largeA","tags":[],"enabled":true,"resource_id":"ea662a8d-a7da-4b87-9802-5dd221a3689a","parent":"1ced27b8-4d44-4129-8c71-84500422476a","children":[],"position":[20.89667510986328,0,16.921344757080078],"rotation":[0,0,0],"scale":[10,10,10],"components":{"model":{"enabled":true,"type":"asset","asset":161716710,"materialAsset":null,"castShadows":true,"castShadowsLightmap":true,"receiveShadows":true,"lightmapped":false,"lightmapSizeMultiplier":1,"castShadowsLightMap":true,"lightMapped":false,"lightMapSizeMultiplier":1,"isStatic":false,"layers":[0],"batchGroupId":null}}},"ba76b036-c7b5-4f4e-b5c5-3590e6f2a4a1":{"name":"Plane","tags":[],"enabled":true,"resource_id":"ba76b036-c7b5-4f4e-b5c5-3590e6f2a4a1","parent":"1ced27b8-4d44-4129-8c71-84500422476a","children":[],"position":[0,0,0],"rotation":[0,0,0],"scale":[100,1,100],"components":{"render":{"enabled":true,"type":"plane","asset":null,"materialAssets":[161717178],"layers":[0],"batchGroupId":null,"castShadows":true,"castShadowsLightmap":true,"receiveShadows":true,"lightmapped":false,"lightmapSizeMultiplier":1,"castShadowsLightMap":true,"lightMapped":false,"lightMapSizeMultiplier":1,"isStatic":false,"rootBone":null}}},"fb695d18-2be2-4f85-b880-eec62cf8d9d2":{"name":"rock_crystalsLargeB","tags":[],"enabled":true,"resource_id":"fb695d18-2be2-4f85-b880-eec62cf8d9d2","parent":"1ced27b8-4d44-4129-8c71-84500422476a","children":[],"position":[-6.169590473175049,0,13.102699824134518],"rotation":[0,0,0],"scale":[10,10,10],"components":{"model":{"enabled":true,"type":"asset","asset":161717183,"materialAsset":null,"castShadows":true,"castShadowsLightmap":true,"receiveShadows":true,"lightmapped":false,"lightmapSizeMultiplier":1,"castShadowsLightMap":true,"lightMapped":false,"lightMapSizeMultiplier":1,"isStatic":false,"layers":[0],"batchGroupId":null}}},"fb6a2bfc-75e2-4c0e-a6b1-1dc782548cab":{"name":"Spot Light","tags":[],"enabled":true,"resource_id":"fb6a2bfc-75e2-4c0e-a6b1-1dc782548cab","parent":"33bd44bd-955c-411b-a7bc-d45671b73884","children":[],"position":[0,0,0],"rotation":[0,0,0],"scale":[1,1,1],"components":{"light":{"enabled":true,"type":"point","bake":false,"bakeArea":0,"bakeNumSamples":1,"bakeDir":true,"affectDynamic":true,"affectLightmapped":false,"affectSpecularity":true,"color":[1,0,0],"intensity":3,"castShadows":false,"shadowUpdateMode":2,"shadowType":0,"vsmBlurMode":1,"vsmBlurSize":11,"vsmBias":0.01,"shadowDistance":16,"shadowIntensity":1,"shadowResolution":1024,"numCascades":1,"cascadeDistribution":0.5,"shadowBias":0.2,"normalOffsetBias":0.05,"range":2,"falloffMode":0,"innerConeAngle":40,"outerConeAngle":45,"shape":0,"cookieAsset":null,"cookieIntensity":1,"cookieFalloff":true,"cookieChannel":"rgb","cookieAngle":0,"cookieScale":[1,1],"cookieOffset":[0,0],"isStatic":false,"layers":[0]}}},"0602e097-b21f-43e5-b7f0-92ef24710373":{"name":"Omni Light","tags":[],"enabled":true,"resource_id":"0602e097-b21f-43e5-b7f0-92ef24710373","parent":"c302d9ea-f88d-4e00-a1ed-abf37c6e9dc3","children":[],"position":[0,0,0],"rotation":[0,0,0],"scale":[1,1,1],"components":{"light":{"enabled":true,"type":"point","bake":false,"bakeArea":0,"bakeNumSamples":1,"bakeDir":true,"affectDynamic":true,"affectLightmapped":false,"affectSpecularity":true,"color":[0.047058823529411764,0.9725490196078431,0.3568627450980392],"intensity":9.76,"castShadows":false,"shadowUpdateMode":2,"shadowType":0,"vsmBlurMode":1,"vsmBlurSize":11,"vsmBias":0.01,"shadowDistance":16,"shadowIntensity":1,"shadowResolution":256,"numCascades":1,"cascadeDistribution":0.5,"shadowBias":0.2,"normalOffsetBias":0.05,"range":4,"falloffMode":0,"innerConeAngle":40,"outerConeAngle":45,"shape":0,"cookieAsset":null,"cookieIntensity":1,"cookieFalloff":true,"cookieChannel":"rgb","cookieAngle":0,"cookieScale":[1,1],"cookieOffset":[0,0],"isStatic":false,"layers":[0]}}}},"created":"2024-04-23T15:08:45.638Z","id":1988604}